Project,Specification,Area,Value
Ambrosia Alley,1 BHK Residential Apartment in Hadapsar,698 sq.ft. (65 sq.m.) Super built-up Area,₹ 55.55 Lac
Ambrosia Alley,2 BHK Residential Apartment in Hadapsar,"1,022 sq.ft. (95 sq.m.) Super built-up Area",₹ 77.77 Lac
Unika,2 BHK Residential Apartment in Hadapsar,767 sq.ft. (71 sq.m.) Carpet Area,₹ 68.2 Lac
Unika,3 BHK Residential Apartment in Hadapsar,955 sq.ft. (89 sq.m.) Carpet Area,₹ 89.56 Lac
Nyati Evolve,3 BHK Residential Apartment in Magarpatta,"963-1,241 sq.ft. (89-115 sq.m.) Carpet Area","₹ 1.06  - 1.36 Cr₹ 10,982/sq.ft."
Nyati Evolve,2 BHK Residential Apartment in Magarpatta,766-802 sq.ft. (71-75 sq.m.) Carpet Area,"₹ 84.9  - 88.75 Lac₹ 11,074/sq.ft."
Shapoorji Joyville Hadapsar Annexe,3 BHK Residential Apartment in Shewalewadi,894 sq.ft. (83 sq.m.) Carpet Area,₹ 78.9 Lac
Shapoorji Joyville Hadapsar Annexe,2 BHK Residential Apartment in Shewalewadi,725 sq.ft. (67 sq.m.) Carpet Area,₹ 64.9 Lac
Shapoorji Joyville Hadapsar Annexe,2 BHK Residential Apartment in Shewalewadi,619 sq.ft. (58 sq.m.) Carpet Area,₹ 56.9 Lac
Shapoorji Joyville Hadapsar Annexe,1 BHK Residential Apartment in Shewalewadi,430 sq.ft. (40 sq.m.) Carpet Area,₹ 37.5 Lac
Kumar Pebble Park,2 BHK Residential Apartment in Hadapsar,550-650 sq.ft. (51-60 sq.m.) Carpet Area,"₹ 39.16  - 44.86 Lac₹ 7,010/sq.ft."
Ratan Neptune,2 BHK Residential Apartment in Hadapsar,691 sq.ft. (64 sq.m.) Carpet Area,₹ 38.7 Lac
Ratan Neptune,1 BHK Residential Apartment in Hadapsar,435 sq.ft. (40 sq.m.) Carpet Area,₹ 25.41 Lac
Shapoorji Joyville Hadapsar Annexe,2 BHK Residential Apartment in Shewalewadi,619-726 sq.ft. (58-67 sq.m.) Carpet Area,₹ 47  - 58.5 Lac
Shapoorji Joyville Hadapsar Annexe,3 BHK Residential Apartment in Shewalewadi,894 sq.ft. (83 sq.m.) Carpet Area,₹ 77 Lac
Shapoorji Joyville Hadapsar Annexe,1 BHK Residential Apartment in Shewalewadi,370-552 sq.ft. (34-51 sq.m.) Carpet Area,₹ 31.75  - 47.37 Lac
Shapoorji Joyville Hadapsar Annexe,3 BHK Residential Apartment in Shewalewadi,820-894 sq.ft. (76-83 sq.m.) Carpet Area,₹ 71.45  - 77.9 Lac
Shapoorji Joyville Hadapsar Annexe,2 BHK Residential Apartment in Shewalewadi,560-908 sq.ft. (52-84 sq.m.) Carpet Area,₹ 50.5  - 81.87 Lac
Kumar Park Infinia Phase 4,2 BHK Residential Apartment in Hadapsar,539-767 sq.ft. (50-71 sq.m.) Carpet Area,"₹ 60  - 85.38 Lac₹ 11,123/sq.ft."
Godrej River Greens,2 BHK Residential Apartment in Manjri,568-691 sq.ft. (53-64 sq.m.) Carpet Area,"₹ 58.19  - 70.79 Lac₹ 10,238/sq.ft."
Godrej River Greens,3 BHK Residential Apartment in Manjri,788-952 sq.ft. (73-88 sq.m.) Carpet Area,"₹ 78.8  - 95.2 Lac₹ 9,993/sq.ft."
Kalpataru Serenity,2 BHK Residential Apartment in Manjri,720-743 sq.ft. (67-69 sq.m.) Carpet Area,"₹ 47  - 48.5 Lac₹ 6,527/sq.ft."
Kalpataru Serenity,3 BHK Residential Apartment in Manjri,"1,091 sq.ft. (101 sq.m.) Carpet Area","₹ 90 Lac₹ 8,249/sq.ft."
Kalpataru Serenity,3 BHK Residential Apartment in Manjri,"1,056-1,091 sq.ft. (98-101 sq.m.) Carpet Area","₹ 74.06  - 76.51 Lac₹ 7,013/sq.ft."
Kalpataru Serenity,2 BHK Residential Apartment in Manjri,561-902 sq.ft. (52-84 sq.m.) Carpet Area,"₹ 46.88  - 75.38 Lac₹ 8,357/sq.ft."
Godrej River Greens,2 BHK Residential Apartment in Manjri,568 sq.ft. (53 sq.m.) Carpet Area,"₹ 58.19 Lac₹ 10,232/sq.ft."
Godrej River Greens,3 BHK Residential Apartment in Manjri,788 sq.ft. (73 sq.m.) Carpet Area,"₹ 78.8 Lac₹ 9,987/sq.ft."
Wellwisher Kiarah Terrazo,2 BHK Residential Apartment in Hadapsar,697 sq.ft. (65 sq.m.) Carpet Area,"₹ 65 Lac₹ 9,324/sq.ft."
Wellwisher Kiarah Terrazo,1 BHK Residential Apartment in Hadapsar,381 sq.ft. (35 sq.m.) Carpet Area,"₹ 37.53 Lac₹ 9,844/sq.ft."
Kumar Prospera,3 BHK Residential Apartment in Hadapsar,"1,009-1,242 sq.ft. (94-115 sq.m.) Carpet Area","₹ 1.35  - 1.66 Cr₹ 13,379/sq.ft."
Kumar Prospera,2 BHK Residential Apartment in Hadapsar,678-870 sq.ft. (63-81 sq.m.) Carpet Area,"₹ 95 Lac - 1.22 Cr₹ 14,010/sq.ft."
Gini Sanskruti,3 BHK Residential Apartment in Udyog Nagar,"1,400 sq.ft. (130 sq.m.) Super built-up Area","₹ 72 Lac₹ 5,142/sq.ft."
Shapoorji Joyville Hadapsar Annexe,1 BHK Residential Apartment in Shewalewadi,430-476 sq.ft. (40-44 sq.m.) Carpet Area,₹ 36.9  - 40.85 Lac
Shapoorji Joyville Hadapsar Annexe,2 BHK Residential Apartment in Shewalewadi,619-726 sq.ft. (58-67 sq.m.) Carpet Area,₹ 47  - 58.58 Lac
Sanskriti Apartment,2 BHK Residential Apartment in Hadapsar,"1,070 sq.ft. (99 sq.m.) Super built-up Area","₹ 65 Lac₹ 6,074/sq.ft."
Shapoorji Joyville Hadapsar Annexe,3 BHK Residential Apartment in Shewalewadi,894 sq.ft. (83 sq.m.) Carpet Area,₹ 79.3 Lac
Shapoorji Joyville Hadapsar Annexe,1 BHK Residential Apartment in Shewalewadi,430 sq.ft. (40 sq.m.) Carpet Area,₹ 37.5 Lac
Shapoorji Joyville Hadapsar Annexe,2 BHK Residential Apartment in Shewalewadi,619-726 sq.ft. (58-67 sq.m.) Carpet Area,₹ 57  - 65.1 Lac
Panchshil One North,4 BHK Residential Apartment in Hadapsar,"3,350 sq.ft. (311 sq.m.) Super built-up Area","₹ 3.15 Cr₹ 9,402/sq.ft."
Kumar Prospera,3 BHK Residential Apartment in Hadapsar,"1,238-1,242 sq.ft. (115-115 sq.m.) Carpet Area","₹ 1.38  - 1.38 Cr₹ 11,148/sq.ft."
Kumar Prospera,2 BHK Residential Apartment in Hadapsar,864-870 sq.ft. (80-81 sq.m.) Carpet Area,"₹ 95  - 95.66 Lac₹ 10,995/sq.ft."
Kumar Prospera,3 BHK Residential Apartment in Hadapsar,"1,009-1,101 sq.ft. (94-102 sq.m.) Carpet Area","₹ 1.4  - 1.53 Cr₹ 13,880/sq.ft."
Kumar Prospera,2 BHK Residential Apartment in Hadapsar,678-864 sq.ft. (63-80 sq.m.) Carpet Area,"₹ 94.99 Lac - 1.21 Cr₹ 14,006/sq.ft."
Kalpataru Serenity,3 BHK Residential Apartment in Manjri,"1,056-1,091 sq.ft. (98-101 sq.m.) Carpet Area","₹ 53.99  - 65.45 Lac₹ 5,556/sq.ft."
Panchshil One North,4 BHK Residential Apartment in Hadapsar,"3,251 sq.ft. (302 sq.m.) Super built-up Area","₹ 3.42 Cr₹ 10,519/sq.ft."
on request,2 BHK Residential Apartment in Hadapsar,"1,165 sq.ft. (108 sq.m.) Super built-up Area","₹ 98 Lac₹ 8,412/sq.ft."
Panchshil One North,4 BHK Residential Apartment in Hadapsar,"3,250 sq.ft. (302 sq.m.) Super built-up Area","₹ 3.5 Cr₹ 10,769/sq.ft."
Orchid Society,3 BHK Residential Apartment in Hadapsar,"1,850 sq.ft. (172 sq.m.) Super built-up Area","₹ 1.75 Cr₹ 9,459/sq.ft."
Amanora Aspire Towers,3 BHK Residential Apartment in Hadapsar,"1,398 sq.ft. (130 sq.m.) Super built-up Area","₹ 1.25 Cr₹ 8,941/sq.ft."
Amanora Aspire Towers,2 BHK Residential Apartment in Hadapsar,"1,405 sq.ft. (131 sq.m.) Super built-up Area","₹ 1.2 Cr₹ 8,540/sq.ft."
Panchshil One North,3 BHK Residential Apartment in Hadapsar,"2,650 sq.ft. (246 sq.m.) Built-up Area","₹ 2.75 Cr₹ 10,377/sq.ft."
Amanora Sweet Water Villa Plots,4 Bedroom Independent House in Hadapsar,"7,400 sq.ft. (687 sq.m.) Plot Area","₹ 9 Cr₹ 20,000/sq.ft."
Amanora Future Towers,2 BHK Residential Apartment in Hadapsar,"1,235 sq.ft. (115 sq.m.) Super built-up Area","₹ 1 Cr₹ 8,098/sq.ft."
Amanora Park Town,3 BHK Residential Apartment in Hadapsar,"1,074 sq.ft. (100 sq.m.) Built-up Area","₹ 76.5 Lac₹ 7,122/sq.ft."
Amanora Park Town,(1 RK) Studio Apartment in Hadapsar,471 sq.ft. (44 sq.m.) Built-up Area,"₹ 37 Lac₹ 7,855/sq.ft."
Amanora Future Towers,4 BHK Residential Apartment in Hadapsar,"2,154 sq.ft. (200 sq.m.) Built-up Area","₹ 1.71 Cr₹ 7,938/sq.ft."
Amanora Trendy Homes,2 BHK Residential Apartment in Hadapsar,850 sq.ft. (79 sq.m.) Super built-up Area,"₹ 70 Lac₹ 8,235/sq.ft."
Amanora Future Towers,1 BHK Residential Apartment in Hadapsar,756 sq.ft. (70 sq.m.) Super built-up Area,"₹ 70 Lac₹ 9,259/sq.ft."
Amanora Park Town,3 BHK Residential Apartment in Hadapsar,"1,072 sq.ft. (100 sq.m.) Super built-up Area","₹ 85 Lac₹ 7,929/sq.ft."
Panchshil One North,4 BHK Residential Apartment in Hadapsar,"4,750 sq.ft. (441 sq.m.) Super built-up Area","₹ 4.6 Cr₹ 9,684/sq.ft."
Amanora Park Town,(1 RK) Studio Apartment in Hadapsar,468 sq.ft. (43 sq.m.) Super built-up Area,"₹ 32.5 Lac₹ 6,945/sq.ft."
Marvel Bounty,4 BHK Residential Apartment in Hadapsar,"4,665 sq.ft. (433 sq.m.) Built-up Area","₹ 2.8 Cr₹ 6,002/sq.ft."
marvel bounty magarpatta,3 BHK Residential Apartment in Magarpatta,"2,145 sq.ft. (199 sq.m.) Super built-up Area","₹ 1.4 Cr₹ 6,527/sq.ft."
Gulmohar Goldcoast,2 BHK Residential Apartment in Rajaram Patil Nagar,"1,127 sq.ft. (105 sq.m.) Super built-up Area","₹ 95 Lac₹ 8,429/sq.ft."
Panchshil One North,3 BHK Residential Apartment in Hadapsar,"2,400 sq.ft. (223 sq.m.) Carpet Area","₹ 3.2 Cr₹ 13,333/sq.ft."
Amanora Aspire Towers,6 BHK Residential Apartment in Hadapsar,"4,850 sq.ft. (451 sq.m.) Carpet Area","₹ 3.6 Cr₹ 7,422/sq.ft."
Amanora Park Town,1 BHK Residential Apartment in Hadapsar,570 sq.ft. (53 sq.m.) Built-up Area,"₹ 47 Lac₹ 8,245/sq.ft."
Amanora Future Towers,1 BHK Residential Apartment in Hadapsar,614 sq.ft. (57 sq.m.) Super built-up Area,"₹ 52 Lac₹ 8,469/sq.ft."
Amanora Park Town,(1 RK) Studio Apartment in Hadapsar,466 sq.ft. (43 sq.m.) Built-up Area,"₹ 32 Lac₹ 6,866/sq.ft."
Amanora Future Towers,1 BHK Residential Apartment in Hadapsar,620 sq.ft. (58 sq.m.) Super built-up Area,"₹ 57 Lac₹ 9,193/sq.ft."
Magarpatta Cosmos Apartment,3 BHK Residential Apartment in Hadapsar,"1,480 sq.ft. (138 sq.m.) Super built-up Area","₹ 1.35 Cr₹ 9,121/sq.ft."
Amanora Trendy Homes,3 BHK Residential Apartment in Hadapsar,"1,073 sq.ft. (100 sq.m.) Built-up Area","₹ 76 Lac₹ 7,082/sq.ft."
Marvel Diva,4 BHK Residential Apartment in Magarpatta,"4,200 sq.ft. (390 sq.m.) Super built-up Area","₹ 4.8 Cr₹ 11,428/sq.ft."
Amanora Aspire Towers,2 BHK Residential Apartment in Hadapsar,"1,100 sq.ft. (102 sq.m.) Super built-up Area","₹ 93 Lac₹ 8,454/sq.ft."
Panchshil One North,4 BHK Residential Apartment in Hadapsar,"3,300 sq.ft. (307 sq.m.) Super built-up Area","₹ 3.5 Cr₹ 10,606/sq.ft."
On request,3 BHK Residential Apartment in Hadapsar,"1,326 sq.ft. (123 sq.m.) Carpet Area","₹ 1.21 Cr₹ 9,125/sq.ft."
Amanora Future Towers,2 BHK Residential Apartment in Hadapsar,762 sq.ft. (71 sq.m.) Super built-up Area,"₹ 61 Lac₹ 8,006/sq.ft."
Amanora Future Towers,2 BHK Residential Apartment in Hadapsar,822 sq.ft. (76 sq.m.) Built-up Area,"₹ 66 Lac₹ 8,029/sq.ft."
panchashil one north,4 BHK Residential Apartment in Magarpatta,"3,350 sq.ft. (311 sq.m.) Super built-up Area","₹ 3.35 Cr₹ 9,254/sq.ft."
Kumar Picasso,2 BHK Residential Apartment in Hadapsar,842 sq.ft. (78 sq.m.) Carpet Area,"₹ 85 Lac₹ 10,095/sq.ft."
Amanora Aspire Towers,3 BHK Residential Apartment in Hadapsar,"1,100 sq.ft. (102 sq.m.) Carpet Area","₹ 1.6 Cr₹ 14,545/sq.ft."
Panchshil One North,4 BHK Residential Apartment in Hadapsar,"3,800 sq.ft. (353 sq.m.) Super built-up Area","₹ 3.7 Cr₹ 9,079/sq.ft."
Marvel Bounty,2 BHK Residential Apartment in Hadapsar,"1,445 sq.ft. (134 sq.m.) Super built-up Area","₹ 1.03 Cr₹ 7,128/sq.ft."
Leisure Town,2 BHK Residential Apartment in Hadapsar,743 sq.ft. (69 sq.m.) Carpet Area,"₹ 56 Lac₹ 7,537/sq.ft."
Panchshil One North,4 BHK Residential Apartment in Hadapsar,"4,509 sq.ft. (419 sq.m.) Super built-up Area","₹ 4.5 Cr₹ 9,980/sq.ft."
Amanora Trendy Homes,2 BHK Residential Apartment in Hadapsar,"1,070 sq.ft. (99 sq.m.) Super built-up Area","₹ 80 Lac₹ 7,477/sq.ft."
S and M The Palazzo,2 BHK Residential Apartment in Tilekar Vasti,"1,132 sq.ft. (105 sq.m.) Super built-up Area","₹ 70 Lac₹ 6,183/sq.ft."
S and M The Palazzo,3 BHK Residential Apartment in Tilekar Vasti,970 sq.ft. (90 sq.m.) Carpet Area,"₹ 75 Lac₹ 7,731/sq.ft."
Gulmohar Goldcoast,2 BHK Residential Apartment in Rajaram Patil Nagar,"1,044 sq.ft. (97 sq.m.) Super built-up Area","₹ 95 Lac₹ 9,099/sq.ft."
Amanora Trendy Homes,2 BHK Residential Apartment in Hadapsar,850 sq.ft. (79 sq.m.) Super built-up Area,"₹ 70 Lac₹ 8,235/sq.ft."
Marvel Arco,3 BHK Residential Apartment in Hadapsar,"1,835 sq.ft. (170 sq.m.) Super built-up Area","₹ 1.55 Cr₹ 7,357/sq.ft."
K and B Tranquility,2 BHK Residential Apartment in Shewalewadi,950 sq.ft. (88 sq.m.) Super built-up Area,"₹ 45.45 Lac₹ 4,736/sq.ft."
Amanora Aspire Towers,3 BHK Residential Apartment in Hadapsar,"2,055 sq.ft. (191 sq.m.) Super built-up Area","₹ 1.85 Cr₹ 9,003/sq.ft."
Amanora Aspire Towers,2 BHK Residential Apartment in Hadapsar,"1,405 sq.ft. (131 sq.m.) Super built-up Area","₹ 1.22 Cr₹ 8,683/sq.ft."
Amanora Trendy Homes,2 BHK Residential Apartment in Hadapsar,850 sq.ft. (79 sq.m.) Super built-up Area,"₹ 70.01 Lac₹ 8,236/sq.ft."
Amanora Trendy Homes,2 BHK Residential Apartment in Hadapsar,"1,070 sq.ft. (99 sq.m.) Super built-up Area","₹ 85 Lac₹ 7,943/sq.ft."
Amanora Neo Towers,2 BHK Residential Apartment in Hadapsar,"1,250 sq.ft. (116 sq.m.) Super built-up Area","₹ 1.15 Cr₹ 9,200/sq.ft."
Anu Celebria Apartment,2 BHK Residential Apartment in Hadapsar,963 sq.ft. (89 sq.m.) Super built-up Area,"₹ 65.65 Lac₹ 6,817/sq.ft."
Amanora Future Towers,2 BHK Residential Apartment in Hadapsar,"1,001 sq.ft. (93 sq.m.) Super built-up Area","₹ 88 Lac₹ 8,791/sq.ft."
Leisure Town,1 BHK Residential Apartment in Hadapsar,650 sq.ft. (60 sq.m.) Super built-up Area,"₹ 42 Lac₹ 6,461/sq.ft."
Amanora Future Towers,2 BHK Residential Apartment in Hadapsar,"1,010 sq.ft. (94 sq.m.) Carpet Area","₹ 85 Lac₹ 8,415/sq.ft."
Mayur Geminus,2 BHK Residential Apartment in Hadapsar,921 sq.ft. (86 sq.m.) Built-up Area,"₹ 45 Lac₹ 4,885/sq.ft."
Panchshil One North,4 BHK Residential Apartment in Hadapsar,"3,850 sq.ft. (358 sq.m.) Super built-up Area","₹ 3.35 Cr₹ 8,701/sq.ft."
on request,3 BHK Residential Apartment in Hadapsar,"1,458 sq.ft. (135 sq.m.) Super built-up Area","₹ 1.2 Cr₹ 8,230/sq.ft."
Amanora Neo Towers,3 BHK Residential Apartment in Hadapsar,"1,550 sq.ft. (144 sq.m.) Super built-up Area","₹ 1.5 Cr₹ 9,677/sq.ft."
Marvel Ritz,4 BHK Residential Apartment in Hadapsar Gaon,"3,950 sq.ft. (367 sq.m.) Super built-up Area","₹ 2.71 Cr₹ 6,860/sq.ft."
Marvel Bounty,4 BHK Residential Apartment in Hadapsar,"4,665 sq.ft. (433 sq.m.) Super built-up Area","₹ 2.62 Cr₹ 5,616/sq.ft."
Magarpatta City Jasminium,2 BHK Residential Apartment in Magarpatta,"1,208 sq.ft. (112 sq.m.) Super built-up Area","₹ 90 Lac₹ 7,450/sq.ft."
Magarpatta Cosmos Apartment,2 BHK Residential Apartment in Hadapsar,"1,050 sq.ft. (98 sq.m.) Super built-up Area","₹ 85 Lac₹ 8,571/sq.ft."
Magarpatta City Iris,2 BHK Residential Apartment in Magarpatta,931 sq.ft. (86 sq.m.) Super built-up Area,"₹ 90 Lac₹ 8,808/sq.ft."
Dreams Solace,2 BHK Residential Apartment in Satar Nagar,680 sq.ft. (63 sq.m.) Super built-up Area,"₹ 43 Lac₹ 6,323/sq.ft."
Yash Ravi Park,2 BHK Residential Apartment in Hadapsar,854 sq.ft. (79 sq.m.) Super built-up Area,"₹ 45 Lac₹ 5,269/sq.ft."
Arihant Venkateshwara Green City,2 BHK Residential Apartment in Hadapsar,725 sq.ft. (67 sq.m.) Super built-up Area,"₹ 37.5 Lac₹ 5,172/sq.ft."
Amanora Trendy Homes,2 BHK Residential Apartment in Hadapsar,"1,070 sq.ft. (99 sq.m.) Super built-up Area","₹ 82 Lac₹ 7,663/sq.ft."
Amanora Metro Towers,1 BHK Residential Apartment in Hadapsar,667 sq.ft. (62 sq.m.) Super built-up Area,"₹ 57 Lac₹ 8,545/sq.ft."
Kohinoor Iris Park,2 BHK Residential Apartment in Kale Padal,950 sq.ft. (88 sq.m.) Super built-up Area,"₹ 42.5 Lac₹ 4,473/sq.ft."
Kalpataru Serenity,1 BHK Residential Apartment in Manjri,655 sq.ft. (61 sq.m.) Super built-up Area,"₹ 40 Lac₹ 6,106/sq.ft."
Gulmohar Goldcoast,2 BHK Residential Apartment in Rajaram Patil Nagar,"1,127 sq.ft. (105 sq.m.) Super built-up Area","₹ 75 Lac₹ 6,654/sq.ft."
Naren Bliss,3 BHK Residential Apartment in Hadapsar,"1,600 sq.ft. (149 sq.m.) Super built-up Area","₹ 1.4 Cr₹ 8,750/sq.ft."
Kwality Vrindavan Heights,2 BHK Residential Apartment in Hadapsar,"1,100 sq.ft. (102 sq.m.) Super built-up Area","₹ 72 Lac₹ 6,545/sq.ft."
Magarpatta City Zinnia,1 BHK Residential Apartment in Magarpatta,590 sq.ft. (55 sq.m.) Super built-up Area,"₹ 53 Lac₹ 8,983/sq.ft."
Om Shriniwas Venkatesh Classic,2 BHK Residential Apartment in Hadapsar,800 sq.ft. (74 sq.m.) Carpet Area,"₹ 55 Lac₹ 6,875/sq.ft."
krushnakunj society,2 BHK Residential Apartment in Manjri,750 sq.ft. (70 sq.m.) Built-up Area,"₹ 38 Lac₹ 5,066/sq.ft."
Mantra Fifth Avenue,2 BHK Residential Apartment in Hadapsar,870 sq.ft. (81 sq.m.) Carpet Area,"₹ 41 Lac₹ 4,712/sq.ft."
on request,2 BHK Residential Apartment in Hadapsar,900 sq.ft. (84 sq.m.) Built-up Area,"₹ 62 Lac₹ 6,888/sq.ft."
Grand Bay,2 BHK Residential Apartment in Hadapsar,"1,020 sq.ft. (95 sq.m.) Built-up Area","₹ 65 Lac₹ 6,372/sq.ft."
Kumar Purvaa,2 BHK Residential Apartment in Hadapsar,950 sq.ft. (88 sq.m.) Built-up Area,"₹ 62.5 Lac₹ 6,578/sq.ft."
Kalpataru Serenity,2 BHK Residential Apartment in Manjri,980 sq.ft. (91 sq.m.) Super built-up Area,"₹ 59 Lac₹ 6,020/sq.ft."
Runwal Seagull,2 BHK Residential Apartment in Hadapsar,"1,030 sq.ft. (96 sq.m.) Built-up Area","₹ 49 Lac₹ 4,757/sq.ft."
Magarpatta Cosmos Apartment,2 BHK Residential Apartment in Hadapsar,"1,050 sq.ft. (98 sq.m.) Super built-up Area","₹ 86 Lac₹ 8,190/sq.ft."
Magarpatta City Jasminium,2 BHK Residential Apartment in Magarpatta,"1,175 sq.ft. (109 sq.m.) Super built-up Area","₹ 95 Lac₹ 7,660/sq.ft."
Magarpatta Cosmos Apartment,2 BHK Residential Apartment in Hadapsar,"1,050 sq.ft. (98 sq.m.) Super built-up Area","₹ 88 Lac₹ 8,381/sq.ft."
Magarpatta City Jasminium,2 BHK Residential Apartment in Magarpatta,"1,208 sq.ft. (112 sq.m.) Super built-up Area","₹ 95 Lac₹ 7,616/sq.ft."
Magarpatta City Iris,2 BHK Residential Apartment in Magarpatta,940 sq.ft. (87 sq.m.) Super built-up Area,"₹ 90 Lac₹ 9,042/sq.ft."
Arihant Venkateshwara Green City,2 BHK Residential Apartment in Hadapsar,857 sq.ft. (80 sq.m.) Super built-up Area,"₹ 45 Lac₹ 5,250/sq.ft."
On request,2 BHK Residential Apartment in Hadapsar,"1,050 sq.ft. (98 sq.m.) Built-up Area","₹ 48 Lac₹ 4,571/sq.ft."
Victory Towers,2 BHK Residential Apartment in Hadapsar,950 sq.ft. (88 sq.m.) Super built-up Area,"₹ 60 Lac₹ 6,315/sq.ft."
Amanora Trendy Homes,3 BHK Residential Apartment in Hadapsar,"1,070 sq.ft. (99 sq.m.) Super built-up Area","₹ 80 Lac₹ 7,476/sq.ft."
Amanora Trendy Homes,1 BHK Residential Apartment in Hadapsar,765 sq.ft. (71 sq.m.) Super built-up Area,"₹ 57.5 Lac₹ 7,516/sq.ft."
Mayur Geminus,2 BHK Residential Apartment in Hadapsar,684 sq.ft. (64 sq.m.) Carpet Area,"₹ 40 Lac₹ 5,847/sq.ft."
Dreams Estate,1 BHK Residential Apartment in Hadapsar,449 sq.ft. (42 sq.m.) Carpet Area,"₹ 26 Lac₹ 5,790/sq.ft."
Marvel Ritz,3 BHK Residential Apartment in Hadapsar,"1,885 sq.ft. (175 sq.m.) Super built-up Area","₹ 1.5 Cr₹ 7,161/sq.ft."
Naren Bliss,2 BHK Residential Apartment in Hadapsar,"1,400 sq.ft. (130 sq.m.) Super built-up Area","₹ 82.34 Lac₹ 5,881/sq.ft."
Pawar Heights,1 BHK Residential Apartment in Hadapsar,550 sq.ft. (51 sq.m.) Built-up Area,"₹ 29 Lac₹ 5,272/sq.ft."
Dreams Elegance,2 BHK Residential Apartment in Hadapsar,"1,220 sq.ft. (113 sq.m.) Built-up Area","₹ 46.1 Lac₹ 3,778/sq.ft."
La Salette Apartments,3 BHK Residential Apartment in Magarpatta,"1,550 sq.ft. (144 sq.m.) Super built-up Area","₹ 1.1 Cr₹ 7,096/sq.ft."
On request,1 BHK Residential Apartment in Manjari Budruk,900 sq.ft. (84 sq.m.) Super built-up Area,"₹ 22 Lac₹ 2,444/sq.ft."
Sara Complex,1 BHK Residential Apartment in Manjari Budruk,900 sq.ft. (84 sq.m.) Super built-up Area,"₹ 22 Lac₹ 2,444/sq.ft."
Karia Konark Vista,3 BHK Residential Apartment in Magarpatta,"2,511 sq.ft. (233 sq.m.) Super built-up Area","₹ 2.15 Cr₹ 9,956/sq.ft."
Karia Konark Vista,3 BHK Residential Apartment in Magarpatta,"2,511 sq.ft. (233 sq.m.) Super built-up Area","₹ 2.2 Cr₹ 8,761/sq.ft."
Kumar Pebble Park,2 BHK Residential Apartment in Hadapsar,750 sq.ft. (70 sq.m.) Built-up Area,"₹ 45 Lac₹ 6,000/sq.ft."
Naren Bliss,2 BHK Residential Apartment in Hadapsar,900 sq.ft. (84 sq.m.) Super built-up Area,"₹ 85 Lac₹ 9,444/sq.ft."
Naren Bliss,2 BHK Residential Apartment in Hadapsar,"1,150 sq.ft. (107 sq.m.) Super built-up Area","₹ 88 Lac₹ 7,652/sq.ft."
Skywards Nirvana,3 BHK Residential Apartment in Hadapsar,"1,370 sq.ft. (127 sq.m.) Super built-up Area","₹ 1 Cr₹ 7,299/sq.ft."
DSK Sundarban Phase 1,2 BHK Residential Apartment in Hadapsar,980 sq.ft. (91 sq.m.) Super built-up Area,"₹ 64 Lac₹ 6,530/sq.ft."
Magarpatta City Jasminium,2 BHK Residential Apartment in Magarpatta,"1,175 sq.ft. (109 sq.m.) Super built-up Area","₹ 90 Lac₹ 7,659/sq.ft."
Leisure Town,2 BHK Residential Apartment in Hadapsar,"1,025 sq.ft. (95 sq.m.) Super built-up Area","₹ 58 Lac₹ 5,659/sq.ft."
Suyash Nisarg,2 BHK Residential Apartment in Hadapsar,986 sq.ft. (92 sq.m.) Built-up Area,"₹ 36 Lac₹ 3,651/sq.ft."
Kumar Pebble Park,2 BHK Residential Apartment in Hadapsar,923 sq.ft. (86 sq.m.) Built-up Area,"₹ 45 Lac₹ 4,875/sq.ft."
Arihant Venkateshwara Green City,1 BHK Residential Apartment in Hadapsar,605 sq.ft. (56 sq.m.) Super built-up Area,"₹ 29 Lac₹ 4,793/sq.ft."
Amanora Trendy Homes,1 BHK Residential Apartment in Hadapsar,667 sq.ft. (62 sq.m.) Super built-up Area,"₹ 52 Lac₹ 7,796/sq.ft."
Kohinoor Iris Park,2 BHK Residential Apartment in Kale Padal,950 sq.ft. (88 sq.m.) Built-up Area,"₹ 39.49 Lac₹ 4,156/sq.ft."
Dreams Avani,2 BHK Residential Apartment in Shewalewadi,856 sq.ft. (80 sq.m.) Super built-up Area,"₹ 42 Lac₹ 4,906/sq.ft."
DSK Sundarban Phase 1,2 BHK Residential Apartment in Hadapsar,980 sq.ft. (91 sq.m.) Super built-up Area,"₹ 60 Lac₹ 6,122/sq.ft."
Samrat Garden,1 BHK Residential Apartment in Hadapsar Gaon,620 sq.ft. (58 sq.m.) Super built-up Area,"₹ 35 Lac₹ 5,645/sq.ft."
Marvel Diva,3 BHK Residential Apartment in Magarpatta,"3,400 sq.ft. (316 sq.m.) Super built-up Area","₹ 2.4 Cr₹ 7,058/sq.ft."
Shri Krishna Avenue,2 BHK Residential Apartment in Hadapsar,725 sq.ft. (67 sq.m.) Built-up Area,"₹ 42 Lac₹ 5,793/sq.ft."
Dreams Nandini,2 BHK Residential Apartment in Shewalewadi,"1,100 sq.ft. (102 sq.m.) Built-up Area","₹ 52 Lac₹ 4,727/sq.ft."
Naren Bliss,2 BHK Residential Apartment in Hadapsar,"1,300 sq.ft. (121 sq.m.) Super built-up Area","₹ 76.23 Lac₹ 5,864/sq.ft."
Kalpataru Serenity,2 BHK Residential Apartment in Manjri,900 sq.ft. (84 sq.m.) Super built-up Area,"₹ 55 Lac₹ 6,111/sq.ft."
,Residential land / Plot in Manjari Budruk,"5,000 sq.ft. (465 sq.m.) Plot Area","₹ 1.7 Cr₹ 3,400/sq.ft."
Vivek Apartment,1 BHK Residential Apartment in Hadapsar,550 sq.ft. (51 sq.m.) Super built-up Area,"₹ 30 Lac₹ 5,454/sq.ft."
Dreams Aakruti,1 BHK Residential Apartment in Hadapsar,710 sq.ft. (66 sq.m.) Super built-up Area,"₹ 32 Lac₹ 4,507/sq.ft."
,21 Bedroom Independent House in Hadapsar,"1,300 sq.ft. (121 sq.m.) Plot Area","₹ 1.25 Cr₹ 9,615/sq.ft."
Shree krishna Prima,2 BHK Residential Apartment in Kale Padal,960 sq.ft. (89 sq.m.) Built-up Area,"₹ 42 Lac₹ 4,375/sq.ft."
Aboli HEIGHTS,1 BHK Residential Apartment in Mahadeonagar,"5,920 sq.ft. (550 sq.m.) Super built-up Area",₹ 24 Lac₹ 405/sq.ft.
MSR Queenstown,2 BHK Residential Apartment in Udyog Nagar,"1,250 sq.ft. (116 sq.m.) Built-up Area","₹ 1.1 Cr₹ 8,800/sq.ft."
Amanora Future Towers,3 BHK Residential Apartment in Hadapsar,"2,695 sq.ft. (250 sq.m.) Super built-up Area","₹ 3 Cr₹ 11,132/sq.ft."
Vidhate Complex,2 BHK Residential Apartment in Gadital,825 sq.ft. (77 sq.m.) Super built-up Area,"₹ 70 Lac₹ 8,484/sq.ft."
Kumar Prospera,2 BHK Residential Apartment in Hadapsar,870 sq.ft. (81 sq.m.) Carpet Area,"₹ 90 Lac₹ 10,344/sq.ft."
Gangotri Park,1 BHK Residential Apartment in Satavwadi,575 sq.ft. (53 sq.m.) Super built-up Area,"₹ 30 Lac₹ 5,218/sq.ft."
Simplicity Apartments,2 BHK Residential Apartment in Hadapsar,800 sq.ft. (74 sq.m.) Carpet Area,"₹ 47 Lac₹ 7,230/sq.ft."
Canary Nest,1 BHK Residential Apartment in Laxmi Colony,673 sq.ft. (63 sq.m.) Super built-up Area,"₹ 38 Lac₹ 5,646/sq.ft."
Individual Sai Hem Meadows,Residential land / Plot in Manjri,"6,000 sq.ft. (557 sq.m.) Plot Area","₹ 1.32 Cr₹ 2,200/sq.ft."
Gemini Housing,1 BHK Residential Apartment in Shewalewadi,445 sq.ft. (41 sq.m.) Carpet Area,"₹ 36.5 Lac₹ 8,202/sq.ft."
,Residential land / Plot in Hadapsar,"3,250 sq.ft. (302 sq.m.) Plot Area","₹ 4 Cr₹ 12,307/sq.ft."
Mantra Fifth Avenue,2 BHK Residential Apartment in Hadapsar,896 sq.ft. (83 sq.m.) Carpet Area,"₹ 54 Lac₹ 5,500/sq.ft."
Kohinoor Manjri Greens,2 BHK Residential Apartment in Manjri,770 sq.ft. (72 sq.m.) Super built-up Area,"₹ 35 Lac₹ 4,545/sq.ft."
Damodar Vihar,1 BHK Residential Apartment in Manjri,630 sq.ft. (59 sq.m.) Carpet Area,"₹ 34 Lac₹ 5,627/sq.ft."
Unika,3 BHK Residential Apartment in Hadapsar,"1,067 sq.ft. (99 sq.m.) Carpet Area",₹ 93.2 Lac
Unika,2 BHK Residential Apartment in Hadapsar,767-795 sq.ft. (71-74 sq.m.) Carpet Area,₹ 67  - 69.44 Lac
Kumar Pebble Park,2 BHK Residential Apartment in Hadapsar,423-663 sq.ft. (39-62 sq.m.) Carpet Area,"₹ 51.09  - 51.09 Lac₹ 9,876/sq.ft."
Mantra Fifth Avenue,2 BHK Residential Apartment in Hadapsar,890 sq.ft. (83 sq.m.) Built-up Area,"₹ 60 Lac₹ 6,741/sq.ft."
Triveni Nagar,1 BHK Residential Apartment in Hadapsar,480 sq.ft. (45 sq.m.) Super built-up Area,"₹ 23 Lac₹ 4,791/sq.ft."
Naren Bliss,2 BHK Residential Apartment in Hadapsar,"1,180 sq.ft. (110 sq.m.) Super built-up Area","₹ 95 Lac₹ 8,051/sq.ft."
Vaishnavi City,1 BHK Residential Apartment in Hadapsar,545 sq.ft. (51 sq.m.) Super built-up Area,"₹ 25 Lac₹ 4,587/sq.ft."
Sri Balaji Apartments,1 BHK Residential Apartment in Manjari Budruk,650 sq.ft. (60 sq.m.) Super built-up Area,"₹ 22 Lac₹ 3,384/sq.ft."
Subhash Park,1 BHK Residential Apartment in Hadapsar,410 sq.ft. (38 sq.m.) Super built-up Area,"₹ 19.75 Lac₹ 4,817/sq.ft."
Prathamesh Apartment,2 BHK Residential Apartment in North Hadapsar,780 sq.ft. (72 sq.m.) Built-up Area,"₹ 72 Lac₹ 9,230/sq.ft."
Leisure Town,3 BHK Residential Apartment in Hadapsar,713 sq.ft. (66 sq.m.) Carpet Area,₹ 65.1 Lac
Leisure Town,2 BHK Residential Apartment in Hadapsar,674 sq.ft. (63 sq.m.) Carpet Area,₹ 66.47 Lac
Kalpataru Serenity,2 BHK Residential Apartment in Manjri,936 sq.ft. (87 sq.m.) Built-up Area,"₹ 60 Lac₹ 6,410/sq.ft."
Dreams Avani,1 BHK Residential Apartment in Shewalewadi,670 sq.ft. (62 sq.m.) Super built-up Area,"₹ 35 Lac₹ 5,223/sq.ft."
Narayan Park Phase 2,1 BHK Residential Apartment in Mahadeonagar,470 sq.ft. (44 sq.m.) Super built-up Area,"₹ 20.65 Lac₹ 4,393/sq.ft."
Ratan Neptune,1 BHK Residential Apartment in Hadapsar,585 sq.ft. (54 sq.m.) Super built-up Area,"₹ 25 Lac₹ 4,273/sq.ft."
Blue Carnation,1 BHK Residential Apartment in Hadapsar,660 sq.ft. (61 sq.m.) Super built-up Area,"₹ 33 Lac₹ 5,000/sq.ft."
Akshar Altorios,1 BHK Residential Apartment in Hadapsar,598 sq.ft. (56 sq.m.) Super built-up Area,"₹ 60 Lac₹ 10,033/sq.ft."
Pawar Maple Leaf,1 BHK Residential Apartment in Hadapsar,600 sq.ft. (56 sq.m.) Super built-up Area,"₹ 45 Lac₹ 7,500/sq.ft."
Nilesh Samrudhi Hadapsar,1 BHK Residential Apartment in Hadapsar,540 sq.ft. (50 sq.m.) Super built-up Area,"₹ 35 Lac₹ 6,481/sq.ft."
Kalpataru Serenity,2 BHK Independent Builder Floor in Manjari Budruk,860 sq.ft. (80 sq.m.) Super built-up Area,"₹ 59 Lac₹ 6,860/sq.ft."
SMP Siddhivinayak Angan,2 BHK Residential Apartment in Hadapsar,710 sq.ft. (66 sq.m.) Carpet Area,"₹ 45 Lac₹ 6,338/sq.ft."
Satyam Shivam Sundaram,2 BHK Residential Apartment in Nandini Takle Nagar,900 sq.ft. (84 sq.m.) Super built-up Area,"₹ 55 Lac₹ 6,111/sq.ft."
Ratan Neptune,2 BHK Residential Apartment in Hadapsar,915 sq.ft. (85 sq.m.) Carpet Area,"₹ 45 Lac₹ 4,918/sq.ft."
Yashraj Green Castle Hsg Soc,2 BHK Residential Apartment in Kalepadal,710 sq.ft. (66 sq.m.) Built-up Area,"₹ 52 Lac₹ 7,323/sq.ft."
Ishwar Residency,1 BHK Residential Apartment in Tukaram Tupe Nagar,828 sq.ft. (77 sq.m.) Super built-up Area,"₹ 25.99 Lac₹ 3,353/sq.ft."
Ishwar Residency,1 BHK Residential Apartment in Tukaram Tupe Nagar,750 sq.ft. (70 sq.m.) Super built-up Area,"₹ 25.99 Lac₹ 3,465/sq.ft."
Anandi Park,(1 RK) Studio Apartment in Manjari Budruk,400 sq.ft. (37 sq.m.) Built-up Area,"₹ 13.5 Lac₹ 3,375/sq.ft."
"Shree Swami Samarthkrupa, Rajbaug Colony",1 BHK Residential Apartment in Manjari Budruk,580 sq.ft. (54 sq.m.) Super built-up Area,"₹ 23 Lac₹ 3,965/sq.ft."
On Request,2 BHK Residential Apartment in Kale Padal,"1,700 sq.ft. (158 sq.m.) Super built-up Area","₹ 80 Lac₹ 4,705/sq.ft."
Gini Sanskruti,2 BHK Residential Apartment in Udyog Nagar,"1,050 sq.ft. (98 sq.m.) Super built-up Area","₹ 55 Lac₹ 5,238/sq.ft."
Rutusha Heights,1 BHK Residential Apartment in Hadapsar,528 sq.ft. (49 sq.m.) Super built-up Area,"₹ 30.5 Lac₹ 5,777/sq.ft."
,3 BHK Independent Builder Floor in Hadapsar,"4,610 sq.ft. (428 sq.m.) Super built-up Area","₹ 2.1 Cr₹ 4,555/sq.ft."
Nilesh Classic,1 BHK Residential Apartment in Sai Colony,627 sq.ft. (58 sq.m.) Super built-up Area,"₹ 28.5 Lac₹ 3,904/sq.ft."
Kohinoor Ambrosia Apartments,1 BHK Residential Apartment in Hadapsar,700 sq.ft. (65 sq.m.) Super built-up Area,"₹ 38 Lac₹ 5,429/sq.ft."
Silver Tower,2 BHK Residential Apartment in Hadapsar,"1,800 sq.ft. (167 sq.m.) Super built-up Area","₹ 58 Lac₹ 3,223/sq.ft."
Smart Heights,1 BHK Residential Apartment in Hadapsar,525 sq.ft. (49 sq.m.) Super built-up Area,"₹ 23 Lac₹ 4,381/sq.ft."
Leisure Town,2 BHK Residential Apartment in Hadapsar,551 sq.ft. (51 sq.m.) Carpet Area,"₹ 65 Lac₹ 11,796/sq.ft."
Ratan Neptune,1 BHK Residential Apartment in Hadapsar,585 sq.ft. (54 sq.m.) Super built-up Area,"₹ 28 Lac₹ 4,786/sq.ft."
Dreams Rachana,1 BHK Residential Apartment in Shiv Nagar,613 sq.ft. (57 sq.m.) Super built-up Area,"₹ 30 Lac₹ 4,893/sq.ft."
Dreams Solace,1 BHK Residential Apartment in Satar Nagar,580 sq.ft. (54 sq.m.) Super built-up Area,"₹ 25.5 Lac₹ 4,396/sq.ft."
Bhairavnath Complex,3 BHK Residential Apartment in Tukai Darshan,"1,400 sq.ft. (130 sq.m.) Carpet Area","₹ 92 Lac₹ 6,571/sq.ft."
Ram India Sampanna Homes,2 BHK Residential Apartment in Manjri,"1,010 sq.ft. (94 sq.m.) Super built-up Area","₹ 55 Lac₹ 5,445/sq.ft."
vanshree apartmentsHadapsar,2 BHK Residential Apartment in Hadapsar,950 sq.ft. (88 sq.m.) Super built-up Area,"₹ 57 Lac₹ 6,000/sq.ft."
Shanti Nagar Chs,1 BHK Residential Apartment in Hadapsar,540 sq.ft. (50 sq.m.) Built-up Area,"₹ 35 Lac₹ 6,481/sq.ft."
Green Field CHS,2 BHK Residential Apartment in Hadapsar,940 sq.ft. (87 sq.m.) Super built-up Area,"₹ 65 Lac₹ 6,914/sq.ft."
The Laurel's Society,1 BHK Residential Apartment in Gadital,700 sq.ft. (65 sq.m.) Super built-up Area,"₹ 52.46 Lac₹ 7,494/sq.ft."
Om Geet Mala,1 BHK Residential Apartment in Udyog Nagar,660 sq.ft. (61 sq.m.) Built-up Area,"₹ 38 Lac₹ 5,757/sq.ft."
Shrikrishna Avenue,2 BHK Residential Apartment in Kalepadal,725 sq.ft. (67 sq.m.) Built-up Area,"₹ 38 Lac₹ 5,241/sq.ft."
Suyash Srushti,1 BHK Residential Apartment in Hadapsar,605 sq.ft. (56 sq.m.) Super built-up Area,"₹ 29 Lac₹ 4,793/sq.ft."
Kuber Shrusti,1 BHK Residential Apartment in Hadapsar,560 sq.ft. (52 sq.m.) Super built-up Area,"₹ 32 Lac₹ 5,310/sq.ft."
The Laurel's,1 BHK Residential Apartment in Gadital,750 sq.ft. (70 sq.m.) Super built-up Area,"₹ 52.55 Lac₹ 7,006/sq.ft."
Shivangan Heights,1 BHK Residential Apartment in Mahadeonagar,550 sq.ft. (51 sq.m.) Built-up Area,"₹ 26 Lac₹ 4,728/sq.ft."
Nilesh Samruddhi,1 BHK Residential Apartment in Hadapsar,650 sq.ft. (60 sq.m.) Super built-up Area,"₹ 33 Lac₹ 5,384/sq.ft."
A V Bhat Etasha,2 BHK Residential Apartment in Hadapsar,"1,150 sq.ft. (107 sq.m.) Super built-up Area","₹ 60 Lac₹ 5,217/sq.ft."
Kumar Pebble Park,2 BHK Residential Apartment in Hadapsar,956 sq.ft. (89 sq.m.) Super built-up Area,"₹ 58.62 Lac₹ 6,131/sq.ft."
Krishnas Blessings,1 BHK Residential Apartment in Manjri,721 sq.ft. (67 sq.m.) Super built-up Area,"₹ 54 Lac₹ 7,490/sq.ft."
Dreams Aakruti,2 BHK Residential Apartment in Hadapsar,900 sq.ft. (84 sq.m.) Super built-up Area,"₹ 55 Lac₹ 6,111/sq.ft."
Hights,10 BHK Residential Apartment in Tukai Darshan,"5,000 sq.ft. (465 sq.m.) Built-up Area","₹ 1.4 Cr₹ 2,800/sq.ft."
Narayani Apartments,2 BHK Residential Apartment in Manjari Budruk,780 sq.ft. (72 sq.m.) Super built-up Area,"₹ 55 Lac₹ 7,052/sq.ft."
Dreams Solace,1 BHK Residential Apartment in Satar Nagar,551 sq.ft. (51 sq.m.) Super built-up Area,"₹ 32 Lac₹ 5,808/sq.ft."
kalpana homes,1 BHK Residential Apartment in Hadapsar,560 sq.ft. (52 sq.m.) Super built-up Area,"₹ 26 Lac₹ 4,642/sq.ft."
Unique Enclave,2 BHK Residential Apartment in Sade Satra Nali,992 sq.ft. (92 sq.m.) Built-up Area,"₹ 68 Lac₹ 7,157/sq.ft."
I Build Shubharambh,2 BHK Residential Apartment in Hadapsar,950 sq.ft. (88 sq.m.) Built-up Area,"₹ 52 Lac₹ 5,473/sq.ft."
Manoj Rajtara Complex,2 BHK Residential Apartment in Manjri,"1,216 sq.ft. (113 sq.m.) Built-up Area","₹ 55 Lac₹ 4,159/sq.ft."
Iris,2 BHK Residential Apartment in Hadapsar,985 sq.ft. (92 sq.m.) Built-up Area,"₹ 95 Lac₹ 9,644/sq.ft."
Damodar Vihar,1 BHK Residential Apartment in Manjri,550 sq.ft. (51 sq.m.) Carpet Area,"₹ 34 Lac₹ 6,181/sq.ft."
SKYi Iris,2 BHK Residential Apartment in Magarpatta,931 sq.ft. (86 sq.m.) Super built-up Area,"₹ 88 Lac₹ 9,452/sq.ft."
Dreams Aakruti,1 BHK Residential Apartment in Hadapsar,550 sq.ft. (51 sq.m.) Super built-up Area,"₹ 27.8 Lac₹ 5,054/sq.ft."
Gini Sanskruti,2 BHK Residential Apartment in Udyog Nagar,"1,050 sq.ft. (98 sq.m.) Super built-up Area","₹ 58 Lac₹ 5,523/sq.ft."
,3 Bedroom Independent House in Hadapsar,"2,200 sq.ft. (204 sq.m.) Built-up Area","₹ 1.25 Cr₹ 5,681/sq.ft."
,1 BHK Independent Builder Floor in Hadapsar,635 sq.ft. (59 sq.m.) Built-up Area,"₹ 33 Lac₹ 5,197/sq.ft."
Subhash Vardhaman Township,2 BHK Residential Apartment in Hadapsar,981 sq.ft. (91 sq.m.) Built-up Area,"₹ 65 Lac₹ 6,625/sq.ft."
Chourang Smitshilp,2 BHK Residential Apartment in Mahadeonagar,"1,350 sq.ft. (125 sq.m.) Super built-up Area","₹ 75 Lac₹ 5,556/sq.ft."
Krishnas Blessings,2 BHK Residential Apartment in Manjri,"1,100 sq.ft. (102 sq.m.) Super built-up Area","₹ 85 Lac₹ 7,727/sq.ft."
Nhavale Nisarg Classic,1 BHK Residential Apartment in Bijle Nagar,650 sq.ft. (60 sq.m.) Super built-up Area,"₹ 29 Lac₹ 4,461/sq.ft."
greenfield chs,2 BHK Residential Apartment in Hadapsar,641 sq.ft. (60 sq.m.) Carpet Area,"₹ 65 Lac₹ 10,125/sq.ft."
Amanora Trendy Homes,2 BHK Residential Apartment in Hadapsar,"1,070 sq.ft. (99 sq.m.) Super built-up Area","₹ 83 Lac₹ 7,757/sq.ft."
Chourang Smit Shilp Housing Society,1 BHK Residential Apartment in Manjari Budruk,610 sq.ft. (57 sq.m.) Carpet Area,"₹ 27 Lac₹ 4,426/sq.ft."
Siddhivinayak Pride,2 BHK Residential Apartment in Manjari Budruk,750 sq.ft. (70 sq.m.) Carpet Area,"₹ 65 Lac₹ 8,666/sq.ft."
Kumar Kubera Sankul Riddhi,2 BHK Residential Apartment in Hadapsar,780 sq.ft. (72 sq.m.) Super built-up Area,"₹ 55 Lac₹ 7,051/sq.ft."
Amanora Park Town,(1 RK) Studio Apartment in Hadapsar,400 sq.ft. (37 sq.m.) Super built-up Area,"₹ 45 Lac₹ 11,250/sq.ft."
Leisure Town,2 BHK Residential Apartment in Hadapsar,"1,015 sq.ft. (94 sq.m.) Super built-up Area","₹ 75 Lac₹ 7,390/sq.ft."
shreekrushna complex sasane nagar,1 BHK Residential Apartment in Hadapsar,547 sq.ft. (51 sq.m.) Super built-up Area,"₹ 40 Lac₹ 7,312/sq.ft."
Karia Konark Vista,3 BHK Residential Apartment in Magarpatta,"2,511 sq.ft. (233 sq.m.) Super built-up Area","₹ 2.6 Cr₹ 10,355/sq.ft."
Nagpal Marigold,2 BHK Residential Apartment in Hadapsar,949 sq.ft. (88 sq.m.) Super built-up Area,"₹ 40 Lac₹ 4,215/sq.ft."
Dhaval Windscape,1 BHK Residential Apartment in Hadapsar,688 sq.ft. (64 sq.m.) Super built-up Area,"₹ 31 Lac₹ 4,506/sq.ft."
Samarth nivara Housing Society,1 BHK Residential Apartment in Manjari Budruk,510 sq.ft. (47 sq.m.) Carpet Area,"₹ 22.1 Lac₹ 4,333/sq.ft."
Casafeliz,3 BHK Residential Apartment in Magarpatta,"1,645 sq.ft. (153 sq.m.) Built-up Area","₹ 1.42 Cr₹ 8,814/sq.ft."
Harpale Siya Heights,(1 RK) Studio Apartment in Hadapsar,405 sq.ft. (38 sq.m.) Super built-up Area,"₹ 16 Lac₹ 3,951/sq.ft."
Dnyanyash Park,1 BHK Residential Apartment in Gondhale Nagar,650 sq.ft. (60 sq.m.) Super built-up Area,"₹ 28 Lac₹ 4,308/sq.ft."
Amanora Trendy Homes,3 BHK Residential Apartment in Hadapsar,"1,070 sq.ft. (99 sq.m.) Super built-up Area","₹ 85 Lac₹ 7,943/sq.ft."
Swapnapurti Housing Society,1 BHK Residential Apartment in Hadapsar,383 sq.ft. (36 sq.m.) Built-up Area,"₹ 24 Lac₹ 6,267/sq.ft."
Dreams Aakruti,1 BHK Residential Apartment in Hadapsar,676 sq.ft. (63 sq.m.) Built-up Area,"₹ 40 Lac₹ 5,918/sq.ft."
Amanora Trendy Homes,1 BHK Residential Apartment in Hadapsar,676 sq.ft. (63 sq.m.) Super built-up Area,"₹ 62 Lac₹ 9,171/sq.ft."
Dhavel Unnati,1 BHK Residential Apartment in Unnatinagar,580 sq.ft. (54 sq.m.) Super built-up Area,"₹ 29 Lac₹ 5,000/sq.ft."
Sai Residency,1 BHK Residential Apartment in Manjari Budruk,700 sq.ft. (65 sq.m.) Super built-up Area,"₹ 28 Lac₹ 4,000/sq.ft."
Siddhivinayak Colony,1 BHK Residential Apartment in Mahadeonagar,"1,000 sq.ft. (93 sq.m.) Super built-up Area","₹ 23 Lac₹ 2,300/sq.ft."
Simplicity Apartments,2 BHK Residential Apartment in Hadapsar,750 sq.ft. (70 sq.m.) Super built-up Area,"₹ 42 Lac₹ 5,600/sq.ft."
Mantri Market,1 BHK Residential Apartment in Hadapsar Gaon,675 sq.ft. (63 sq.m.) Carpet Area,"₹ 59.98 Lac₹ 8,885/sq.ft."
Gini Sanskruti,2 BHK Residential Apartment in Udyog Nagar,"1,045 sq.ft. (97 sq.m.) Super built-up Area","₹ 58 Lac₹ 5,550/sq.ft."
Amanora Neo Towers,1 BHK Residential Apartment in Hadapsar,517 sq.ft. (48 sq.m.) Carpet Area,"₹ 75 Lac₹ 14,483/sq.ft."
,2 BHK Independent Builder Floor in Hadapsar,750 sq.ft. (70 sq.m.) Built-up Area,"₹ 60 Lac₹ 8,000/sq.ft."
Ratan Neptune,2 BHK Residential Apartment in Hadapsar,690-915 sq.ft. (64-85 sq.m.) Carpet Area,₹ 38.7  - 38.7 Lac
New Front 48 East Park,1 BHK Residential Apartment in Kale Padal,583 sq.ft. (54 sq.m.) Super built-up Area,"₹ 31 Lac₹ 5,317/sq.ft."
Shivai Garden,2 BHK Residential Apartment in Hadapsar,750 sq.ft. (70 sq.m.) Super built-up Area,"₹ 60 Lac₹ 8,000/sq.ft."
Gemini Housing,2 BHK Residential Apartment in Shewalewadi,750 sq.ft. (70 sq.m.) Carpet Area,"₹ 81.5 Lac₹ 11,417/sq.ft."
Subhash Park,1 BHK Residential Apartment in Hadapsar,550 sq.ft. (51 sq.m.) Super built-up Area,"₹ 30 Lac₹ 5,454/sq.ft."
Laxmi residency,1 BHK Residential Apartment in Manjari Budruk,650 sq.ft. (60 sq.m.) Super built-up Area,"₹ 25.3 Lac₹ 4,067/sq.ft."
Namrata crystal Park,1 BHK Residential Apartment in Hadapsar,839 sq.ft. (78 sq.m.) Super built-up Area,"₹ 45 Lac₹ 5,363/sq.ft."
Shiv Angan Heights,1 BHK Residential Apartment in Manjri,600 sq.ft. (56 sq.m.) Built-up Area,"₹ 20 Lac₹ 3,334/sq.ft."
Kalpataru Serenity,2 BHK Residential Apartment in Manjri,760 sq.ft. (71 sq.m.) Carpet Area,"₹ 55 Lac₹ 7,236/sq.ft."
SV Agrawal Gardens,2 BHK Residential Apartment in Hadapsar Gaon,950 sq.ft. (88 sq.m.) Built-up Area,"₹ 59 Lac₹ 7,368/sq.ft."
Akshar Altorios,2 BHK Residential Apartment in Malwadi,"1,290 sq.ft. (120 sq.m.) Super built-up Area","₹ 91 Lac₹ 7,209/sq.ft."
Sunrise CHS,2 BHK Residential Apartment in Hadapsar,880 sq.ft. (82 sq.m.) Built-up Area,"₹ 38 Lac₹ 4,318/sq.ft."
shiv kunj society,2 BHK Residential Apartment in Hadapsar,835 sq.ft. (78 sq.m.) Super built-up Area,"₹ 50 Lac₹ 5,989/sq.ft."
Prabhas Oasis,1 BHK Residential Apartment in Manjari Budruk,737 sq.ft. (68 sq.m.) Super built-up Area,"₹ 25 Lac₹ 3,528/sq.ft."
Dreams Aakruti,1 BHK Residential Apartment in Hadapsar,706 sq.ft. (66 sq.m.) Carpet Area,"₹ 38 Lac₹ 5,382/sq.ft."
,2 BHK Independent Builder Floor in Kalepadal,750 sq.ft. (70 sq.m.) Built-up Area,"₹ 38 Lac₹ 5,067/sq.ft."
Sukhwani Emerald,3 BHK Residential Apartment in Hadapsar,"1,300 sq.ft. (121 sq.m.) Super built-up Area","₹ 1.35 Cr₹ 8,846/sq.ft."
Silver Tower,2 BHK Residential Apartment in Hadapsar,965 sq.ft. (90 sq.m.) Carpet Area,"₹ 60 Lac₹ 6,217/sq.ft."
Shiv Zen World,2 BHK Residential Apartment in Manjri,948 sq.ft. (88 sq.m.) Super built-up Area,"₹ 53 Lac₹ 5,591/sq.ft."
PM Hills Apartment,2 BHK Residential Apartment in Ramtekadi,830 sq.ft. (77 sq.m.) Super built-up Area,"₹ 38 Lac₹ 4,578/sq.ft."
Nilesh Prestige,2 BHK Residential Apartment in Hadapsar,782 sq.ft. (73 sq.m.) Super built-up Area,"₹ 41 Lac₹ 5,242/sq.ft."
Dreams Elegance,2 BHK Residential Apartment in Hadapsar,"1,060 sq.ft. (98 sq.m.) Super built-up Area","₹ 50 Lac₹ 4,717/sq.ft."
,1 BHK Independent Builder Floor in Manjari Budruk,587 sq.ft. (55 sq.m.) Built-up Area,"₹ 25 Lac₹ 4,258/sq.ft."
Kalpataru Serenity,2 BHK Residential Apartment in Manjri,924 sq.ft. (86 sq.m.) Built-up Area,"₹ 75 Lac₹ 8,116/sq.ft."
Satyam Oak Vista,1 BHK Residential Apartment in Kale Padal,480 sq.ft. (45 sq.m.) Carpet Area,"₹ 34 Lac₹ 7,083/sq.ft."
BK Jhala Tranquility Phase 1,3 BHK Residential Apartment in Shewalewadi,"2,000 sq.ft. (186 sq.m.) Super built-up Area","₹ 1 Cr₹ 5,000/sq.ft."
dreams estate society,1 BHK Residential Apartment in Hadapsar,637 sq.ft. (59 sq.m.) Super built-up Area,"₹ 27 Lac₹ 4,500/sq.ft."
Blossom leaf Ramtekdi Hadapsar,2 BHK Residential Apartment in Ramtekadi,806 sq.ft. (75 sq.m.) Carpet Area,"₹ 60 Lac₹ 7,444/sq.ft."
Yash Ravi Park,1 BHK Residential Apartment in Hadapsar,560 sq.ft. (52 sq.m.) Super built-up Area,"₹ 32 Lac₹ 5,714/sq.ft."
Nilesh Samruddhi,2 BHK Residential Apartment in Hadapsar,976 sq.ft. (91 sq.m.) Super built-up Area,"₹ 48 Lac₹ 4,919/sq.ft."
namo residency,1 BHK Residential Apartment in Hadapsar,557 sq.ft. (52 sq.m.) Super built-up Area,"₹ 30 Lac₹ 5,385/sq.ft."
Sankeshwar Sunshine City,1 BHK Residential Apartment in Kalepadal,583 sq.ft. (54 sq.m.) Built-up Area,"₹ 29.15 Lac₹ 5,000/sq.ft."
Venkatesh Residency,2 BHK Residential Apartment in Hadapsar,860 sq.ft. (80 sq.m.) Super built-up Area,"₹ 35 Lac₹ 4,069/sq.ft."
self,1 BHK Residential Apartment in Hadapsar,"1,000 sq.ft. (93 sq.m.) Super built-up Area","₹ 35 Lac₹ 3,500/sq.ft."
Hill Side,2 BHK Residential Apartment in Ramtekadi,921 sq.ft. (86 sq.m.) Built-up Area,"₹ 43 Lac₹ 4,668/sq.ft."
Selene Park,1 BHK Residential Apartment in Hadapsar,700 sq.ft. (65 sq.m.) Super built-up Area,"₹ 28 Lac₹ 4,000/sq.ft."
Ram India Sampanna Homes,2 BHK Residential Apartment in Manjri,"1,050 sq.ft. (98 sq.m.) Super built-up Area","₹ 50.5 Lac₹ 4,790/sq.ft."
Mayur Geminus,2 BHK Residential Apartment in Hadapsar,557 sq.ft. (52 sq.m.) Carpet Area,"₹ 41 Lac₹ 7,349/sq.ft."
,3 BHK Independent Builder Floor in Gadital,"1,150 sq.ft. (107 sq.m.) Built-up Area","₹ 75 Lac₹ 6,521/sq.ft."
Tirupati Housing society,1 BHK Residential Apartment in Vitthal Nagar,470 sq.ft. (44 sq.m.) Super built-up Area,"₹ 22 Lac₹ 4,680/sq.ft."
Ram India livogue,2 BHK Residential Apartment in Malwadi,920 sq.ft. (85 sq.m.) Super built-up Area,"₹ 85 Lac₹ 9,240/sq.ft."
Sarita Residency,1 BHK Residential Apartment in Hadapsar,680 sq.ft. (63 sq.m.) Super built-up Area,"₹ 25 Lac₹ 3,676/sq.ft."
Dreams Nandini,2 BHK Residential Apartment in Shewalewadi,"1,195 sq.ft. (111 sq.m.) Super built-up Area","₹ 60 Lac₹ 5,020/sq.ft."
Sunlight Classics,2 BHK Residential Apartment in Hadapsar,884 sq.ft. (82 sq.m.) Built-up Area,"₹ 61.88 Lac₹ 7,000/sq.ft."
Leisure Town,1 BHK Residential Apartment in Hadapsar,316 sq.ft. (29 sq.m.) Carpet Area,"₹ 42 Lac₹ 13,291/sq.ft."
Leisure Town,2 BHK Residential Apartment in Hadapsar,553 sq.ft. (51 sq.m.) Carpet Area,"₹ 63 Lac₹ 11,392/sq.ft."
"Samarth Sankul Mahadevnagar, Manjari Road",2 BHK Residential Apartment in Mahadeonagar,736 sq.ft. (68 sq.m.) Built-up Area,"₹ 48 Lac₹ 6,521/sq.ft."
Dreams Aakruti,1 BHK Residential Apartment in Hadapsar,684 sq.ft. (64 sq.m.) Built-up Area,"₹ 29.5 Lac₹ 4,313/sq.ft."
Selene Park,1 BHK Residential Apartment in Hadapsar,595 sq.ft. (55 sq.m.) Built-up Area,"₹ 27.5 Lac₹ 4,538/sq.ft."
Suda Sangam,2 BHK Independent Builder Floor in Hadapsar,900 sq.ft. (84 sq.m.) Built-up Area,"₹ 62.5 Lac₹ 6,944/sq.ft."
Chourang Smit Shilp Housing Society,1 BHK Residential Apartment in Manjari Budruk,570 sq.ft. (53 sq.m.) Built-up Area,"₹ 25 Lac₹ 4,385/sq.ft."
Arihant Venkateshwara Green City,1 BHK Residential Apartment in Hadapsar,614 sq.ft. (57 sq.m.) Super built-up Area,"₹ 37 Lac₹ 6,026/sq.ft."
Ram India Sampanna Homes,1 BHK Residential Apartment in Manjri,770 sq.ft. (72 sq.m.) Super built-up Area,"₹ 45 Lac₹ 5,844/sq.ft."
Kalpataru Serenity,2 BHK Residential Apartment in Manjri,760 sq.ft. (71 sq.m.) Built-up Area,"₹ 60 Lac₹ 7,895/sq.ft."
KRUSHNAKUNJ COMPLEX,1 BHK Residential Apartment in Satavwadi,435 sq.ft. (40 sq.m.) Carpet Area,"₹ 27 Lac₹ 6,207/sq.ft."
Mhada Society,1 BHK Residential Apartment in Hadapsar,675 sq.ft. (63 sq.m.) Super built-up Area,"₹ 35 Lac₹ 5,185/sq.ft."
Sai Classic Apartment,1 BHK Residential Apartment in Satavwadi,610 sq.ft. (57 sq.m.) Built-up Area,"₹ 34 Lac₹ 5,573/sq.ft."
Rahul East view,2 BHK Residential Apartment in Hadapsar,"1,100 sq.ft. (102 sq.m.) Super built-up Area","₹ 55 Lac₹ 5,000/sq.ft."
Sudha Sangam,1 BHK Residential Apartment in Hadapsar,623 sq.ft. (58 sq.m.) Super built-up Area,"₹ 43 Lac₹ 6,902/sq.ft."
,1 BHK Independent Builder Floor in Hadapsar,544 sq.ft. (51 sq.m.) Built-up Area,"₹ 23 Lac₹ 4,228/sq.ft."
"Matoshri, Hadapsar",1 BHK Residential Apartment in Kalepadal,"1,500 sq.ft. (139 sq.m.) Super built-up Area","₹ 95 Lac₹ 7,916/sq.ft."
Purvanagari,2 BHK Residential Apartment in Suryalok Nagari,900 sq.ft. (84 sq.m.) Super built-up Area,"₹ 54 Lac₹ 6,000/sq.ft."
Venkatesh Residency,2 BHK Residential Apartment in Hadapsar,807 sq.ft. (75 sq.m.) Built-up Area,"₹ 35 Lac₹ 4,337/sq.ft."
Yash Ravi Park,2 BHK Residential Apartment in Hadapsar,854 sq.ft. (79 sq.m.) Super built-up Area,"₹ 54 Lac₹ 6,323/sq.ft."
Punyanagari Apartments,2 BHK Residential Apartment in Hadapsar,700 sq.ft. (65 sq.m.) Super built-up Area,"₹ 55 Lac₹ 7,857/sq.ft."
Dreams Elegance,2 BHK Residential Apartment in Hadapsar,"1,036 sq.ft. (96 sq.m.) Super built-up Area","₹ 55 Lac₹ 5,308/sq.ft."
Eitasha Apartments,1 BHK Residential Apartment in Udyog Nagar,562 sq.ft. (52 sq.m.) Super built-up Area,"₹ 39.99 Lac₹ 7,115/sq.ft."
Shanti Nagar Chs,1 BHK Residential Apartment in Hadapsar,540 sq.ft. (50 sq.m.) Super built-up Area,"₹ 31 Lac₹ 5,740/sq.ft."
Oricon Fortune Estates,2 BHK Residential Apartment in Hadapsar,"1,236 sq.ft. (115 sq.m.) Built-up Area","₹ 85 Lac₹ 6,877/sq.ft."
,4 BHK Independent Builder Floor in Manjari Budruk,"1,350 sq.ft. (125 sq.m.) Built-up Area","₹ 50 Lac₹ 3,703/sq.ft."
Ratan Neptune,1 BHK Residential Apartment in Hadapsar,585 sq.ft. (54 sq.m.) Super built-up Area,"₹ 30 Lac₹ 5,470/sq.ft."
Saundarya Edifice,2 BHK Residential Apartment in Udyog Nagar,"1,050 sq.ft. (98 sq.m.) Carpet Area","₹ 77 Lac₹ 7,333/sq.ft."
Windsor Estate,2 BHK Residential Apartment in Hadapsar,765 sq.ft. (71 sq.m.) Built-up Area,"₹ 65 Lac₹ 8,496/sq.ft."
Prathmesh Garden CHS,2 BHK Residential Apartment in Hadapsar,800 sq.ft. (74 sq.m.) Carpet Area,"₹ 65 Lac₹ 8,125/sq.ft."
Smit Charang Shilp,2 BHK Residential Apartment in Hadapsar,725 sq.ft. (67 sq.m.) Built-up Area,"₹ 50 Lac₹ 6,896/sq.ft."
,3 BHK Independent Builder Floor in Kalepadal,"1,475 sq.ft. (137 sq.m.) Built-up Area","₹ 75 Lac₹ 5,084/sq.ft."
Dreams Estate,1 BHK Residential Apartment in Hadapsar,610 sq.ft. (57 sq.m.) Super built-up Area,"₹ 27 Lac₹ 4,427/sq.ft."
Subhash Park,1 BHK Residential Apartment in Hadapsar,600 sq.ft. (56 sq.m.) Built-up Area,"₹ 28 Lac₹ 4,166/sq.ft."
Govinda Heights,1 BHK Residential Apartment in Manjri,480 sq.ft. (45 sq.m.) Super built-up Area,"₹ 20.5 Lac₹ 4,271/sq.ft."
Dreams Aakruti,1 BHK Residential Apartment in Hadapsar,676 sq.ft. (63 sq.m.) Built-up Area,"₹ 40 Lac₹ 5,918/sq.ft."
Subhash Vardhaman Township,1 BHK Residential Apartment in Hadapsar,714 sq.ft. (66 sq.m.) Super built-up Area,"₹ 37 Lac₹ 5,182/sq.ft."
Kalptaru Cerenity,1 BHK Residential Apartment in Hadapsar,565 sq.ft. (52 sq.m.) Super built-up Area,"₹ 37 Lac₹ 6,549/sq.ft."
Shree Samarth Krupa,1 BHK Residential Apartment in North Hadapsar,500 sq.ft. (46 sq.m.) Built-up Area,"₹ 18 Lac₹ 3,600/sq.ft."
Goel Ganga Village,1 BHK Residential Apartment in Udyog Nagar,700 sq.ft. (65 sq.m.) Super built-up Area,"₹ 29.5 Lac₹ 4,214/sq.ft."
Namo Vihar,1 BHK Residential Apartment in Hadapsar,512 sq.ft. (48 sq.m.) Carpet Area,"₹ 28 Lac₹ 5,468/sq.ft."
Mauli Apartment,1 BHK Residential Apartment in Hadapsar,581 sq.ft. (54 sq.m.) Built-up Area,"₹ 21 Lac₹ 4,301/sq.ft."
Gemini Housing,2 BHK Residential Apartment in Shewalewadi,946 sq.ft. (88 sq.m.) Built-up Area,"₹ 75 Lac₹ 7,928/sq.ft."
Shivshakti Villa,2 BHK Residential Apartment in Hadapsar,"1,200 sq.ft. (111 sq.m.) Built-up Area","₹ 40 Lac₹ 3,333/sq.ft."
irish Apartment,2 BHK Residential Apartment in Hadapsar,890 sq.ft. (83 sq.m.) Built-up Area,"₹ 85 Lac₹ 9,550/sq.ft."
Chetan heights,2 BHK Residential Apartment in Hadapsar,"1,113 sq.ft. (103 sq.m.) Super built-up Area","₹ 65 Lac₹ 5,840/sq.ft."
A V Bhat Etasha,1 BHK Residential Apartment in Hadapsar,562 sq.ft. (52 sq.m.) Super built-up Area,"₹ 30 Lac₹ 5,339/sq.ft."
Vidhate Complex,2 BHK Residential Apartment in Hadapsar,865 sq.ft. (80 sq.m.) Super built-up Area,"₹ 55 Lac₹ 6,358/sq.ft."
Hill Side,3 BHK Residential Apartment in Ramtekadi,"1,420 sq.ft. (132 sq.m.) Super built-up Area","₹ 80 Lac₹ 5,634/sq.ft."
Shri Nagari Society,1 BHK Residential Apartment in Hadapsar,605 sq.ft. (56 sq.m.) Built-up Area,"₹ 32 Lac₹ 5,785/sq.ft."
Greenwoods Housing Society,5 Bedroom Independent House in Manjari Budruk,"1,500 sq.ft. (139 sq.m.) Plot Area","₹ 1 Cr₹ 6,666/sq.ft."
Samartha Residence,1 BHK Residential Apartment in Manjari Budruk,563 sq.ft. (52 sq.m.) Super built-up Area,"₹ 18 Lac₹ 3,197/sq.ft."
Oricon Fortune Estates,2 BHK Residential Apartment in Hadapsar,"1,200 sq.ft. (111 sq.m.) Super built-up Area","₹ 70 Lac₹ 5,833/sq.ft."
,3 Bedroom Independent House in Hadapsar,"1,800 sq.ft. (167 sq.m.) Built-up Area","₹ 85 Lac₹ 4,722/sq.ft."
Ram India Sampanna Homes,2 BHK Residential Apartment in Manjri,"1,010 sq.ft. (94 sq.m.) Super built-up Area","₹ 53 Lac₹ 5,248/sq.ft."
Koyal Residency,1 BHK Residential Apartment in Hadapsar Gaon,856 sq.ft. (80 sq.m.) Carpet Area,"₹ 30 Lac₹ 3,504/sq.ft."
Koyal Apartments,1 BHK Residential Apartment in Hadapsar,856 sq.ft. (80 sq.m.) Carpet Area,"₹ 30 Lac₹ 3,504/sq.ft."
Dreams Aakruti,1 BHK Residential Apartment in Hadapsar,526 sq.ft. (49 sq.m.) Super built-up Area,"₹ 25 Lac₹ 5,482/sq.ft."
,2 BHK Independent Builder Floor in Manjari Budruk,803 sq.ft. (75 sq.m.) Built-up Area,"₹ 25 Lac₹ 3,113/sq.ft."
Kumar Kubera Sankul,3 BHK Residential Apartment in Malwadi,"1,370 sq.ft. (127 sq.m.) Carpet Area","₹ 1.05 Cr₹ 7,664/sq.ft."
Shree Nagari Society,1 BHK Residential Apartment in Hadapsar,485 sq.ft. (45 sq.m.) Carpet Area,"₹ 32 Lac₹ 6,597/sq.ft."
Amanora Metro Towers,(1 RK) Studio Apartment in Hadapsar,400 sq.ft. (37 sq.m.) Super built-up Area,"₹ 40 Lac₹ 10,000/sq.ft."
Canary Nest,1 BHK Residential Apartment in Laxmi Colony,673 sq.ft. (63 sq.m.) Super built-up Area,"₹ 38 Lac₹ 5,646/sq.ft."
Arihant Venkateshwara Green City,2 BHK Residential Apartment in Hadapsar,"1,000 sq.ft. (93 sq.m.) Super built-up Area","₹ 50 Lac₹ 5,000/sq.ft."
,1 Bedroom Independent House in Manjari Budruk,500 sq.ft. (46 sq.m.) Plot Area,"₹ 20 Lac₹ 4,000/sq.ft."
Kalepadal hadapsar,1 BHK Residential Apartment in Kalepadal,500 sq.ft. (46 sq.m.) Carpet Area,"₹ 17 Lac₹ 3,400/sq.ft."
,1 Bedroom Independent House in Hadapsar,"2,000 sq.ft. (186 sq.m.) Plot Area","₹ 40 Lac₹ 2,000/sq.ft."
Dreams Nandini,2 BHK Residential Apartment in Shewalewadi,970 sq.ft. (90 sq.m.) Super built-up Area,"₹ 55 Lac₹ 5,670/sq.ft."
Dreams Aakruti,2 BHK Residential Apartment in Hadapsar,885 sq.ft. (82 sq.m.) Built-up Area,"₹ 38 Lac₹ 4,293/sq.ft."
Kushal Sagar Galaxy,1 BHK Residential Apartment in Shewalewadi,620 sq.ft. (58 sq.m.) Super built-up Area,"₹ 29 Lac₹ 4,678/sq.ft."
Dreams Aakruti,2 BHK Residential Apartment in Hadapsar,870 sq.ft. (81 sq.m.) Built-up Area,"₹ 38 Lac₹ 4,367/sq.ft."
Samruddhi Palace,2 BHK Residential Apartment in Hadapsar,850 sq.ft. (79 sq.m.) Built-up Area,"₹ 26 Lac₹ 3,059/sq.ft."
Sai Park,1 BHK Residential Apartment in Hadapsar,639 sq.ft. (59 sq.m.) Super built-up Area,"₹ 28 Lac₹ 4,381/sq.ft."
,2 BHK Independent Builder Floor in Mahadeonagar,745 sq.ft. (69 sq.m.) Built-up Area,"₹ 31 Lac₹ 4,161/sq.ft."
Shreenath Complex,1 BHK Residential Apartment in Manjari Budruk,625 sq.ft. (58 sq.m.) Built-up Area,"₹ 21 Lac₹ 3,360/sq.ft."
Suyash Nisarg,1 BHK Residential Apartment in Hadapsar,665 sq.ft. (62 sq.m.) Built-up Area,"₹ 40 Lac₹ 6,015/sq.ft."
Shanti residency,1 BHK Residential Apartment in Hadapsar,646 sq.ft. (60 sq.m.) Built-up Area,"₹ 38.5 Lac₹ 5,959/sq.ft."
Laxmi Residency,1 BHK Residential Apartment in Hadapsar,652 sq.ft. (61 sq.m.) Super built-up Area,"₹ 38 Lac₹ 5,829/sq.ft."
Bharat Complex,1 BHK Residential Apartment in Hadapsar,530 sq.ft. (49 sq.m.) Super built-up Area,"₹ 30 Lac₹ 5,660/sq.ft."
Shaninagar chs,1 BHK Residential Apartment in Ramtekadi,560 sq.ft. (52 sq.m.) Super built-up Area,"₹ 32 Lac₹ 5,715/sq.ft."
Rukmai Park,(1 RK) Studio Apartment in Manjari Budruk,300 sq.ft. (28 sq.m.) Built-up Area,"₹ 12 Lac₹ 4,000/sq.ft."
dev leela apartments,2 BHK Residential Apartment in Hadapsar,850 sq.ft. (79 sq.m.) Super built-up Area,"₹ 52 Lac₹ 6,117/sq.ft."
Vivek Apartment,1 BHK Residential Apartment in Hadapsar,510 sq.ft. (47 sq.m.) Carpet Area,"₹ 30 Lac₹ 5,882/sq.ft."
Sai Park 3,1 BHK Residential Apartment in Manjari Budruk,900 sq.ft. (84 sq.m.) Super built-up Area,"₹ 25 Lac₹ 2,777/sq.ft."
Sai Park 3,2 BHK Residential Apartment in Manjari Budruk,900 sq.ft. (84 sq.m.) Super built-up Area,"₹ 30 Lac₹ 3,333/sq.ft."
Naren Bliss,2 BHK Residential Apartment in Hadapsar,"1,150 sq.ft. (107 sq.m.) Super built-up Area","₹ 80 Lac₹ 6,956/sq.ft."
,2 BHK Independent Builder Floor in Hadapsar,890 sq.ft. (83 sq.m.) Super built-up Area,"₹ 60 Lac₹ 6,741/sq.ft."
,1 BHK Independent Builder Floor in Manjri,590 sq.ft. (55 sq.m.) Built-up Area,"₹ 26 Lac₹ 4,406/sq.ft."
,2 BHK Independent Builder Floor in Manjri,840 sq.ft. (78 sq.m.) Built-up Area,"₹ 28 Lac₹ 3,333/sq.ft."
Sai Classic Apartment,1 BHK Residential Apartment in Satavwadi,610 sq.ft. (57 sq.m.) Built-up Area,"₹ 32 Lac₹ 5,245/sq.ft."
Kushal Sagar Galaxy,1 BHK Residential Apartment in Shewalewadi,625 sq.ft. (58 sq.m.) Super built-up Area,"₹ 27 Lac₹ 4,160/sq.ft."
Fortune Aristolia,2 BHK Residential Apartment in Hadapsar,"1,080 sq.ft. (100 sq.m.) Super built-up Area","₹ 78 Lac₹ 7,222/sq.ft."
"Bijali Hausing Society,Near Gajanan Maharaj Mandir",4 Bedroom Independent House in Bijle Nagar,1 sq.ft. (0 sq.m.) Plot Area,"₹ 75 Lac₹ 5,000,000/sq.ft."
Dreams Estate,2 BHK Residential Apartment in Hadapsar,915 sq.ft. (85 sq.m.) Super built-up Area,"₹ 37 Lac₹ 4,043/sq.ft."
Tucker AWHO Enclave,3 BHK Residential Apartment in Hadapsar,"1,680 sq.ft. (156 sq.m.) Super built-up Area","₹ 1.1 Cr₹ 6,547/sq.ft."
Jagdamba Heights,1 BHK Residential Apartment in Manjri,280 sq.ft. (26 sq.m.) Built-up Area,"₹ 11.5 Lac₹ 4,107/sq.ft."
,5 Bedroom Independent House in Hadapsar,"1,000 sq.ft. (93 sq.m.) Plot Area","₹ 1.25 Cr₹ 12,500/sq.ft."
Townscape Simple Park,2 BHK Residential Apartment in Hadapsar Gaon,830 sq.ft. (77 sq.m.) Super built-up Area,"₹ 47 Lac₹ 5,662/sq.ft."
Gulmohar Goldcoast,2 BHK Residential Apartment in Rajaram Patil Nagar,"1,044 sq.ft. (97 sq.m.) Super built-up Area","₹ 75 Lac₹ 7,183/sq.ft."
Bella Vista Pune,2 BHK Residential Apartment in Manjari Budruk,969 sq.ft. (90 sq.m.) Super built-up Area,"₹ 58 Lac₹ 5,985/sq.ft."
Ratan Neptune,1 BHK Residential Apartment in Hadapsar,434 sq.ft. (40 sq.m.) Carpet Area,₹ 25.41 Lac
Ambience Residency,3 BHK Residential Apartment in Hadapsar,975 sq.ft. (91 sq.m.) Super built-up Area,"₹ 50 Lac₹ 5,128/sq.ft."
Suda Sangam,1 BHK Residential Apartment in Hadapsar,635 sq.ft. (59 sq.m.) Carpet Area,"₹ 40 Lac₹ 5,714/sq.ft."
Dreams Estate,1 BHK Residential Apartment in Hadapsar,548 sq.ft. (51 sq.m.) Built-up Area,"₹ 23.5 Lac₹ 4,562/sq.ft."
Ram India Sampanna Homes,1 BHK Residential Apartment in Manjri,544 sq.ft. (51 sq.m.) Super built-up Area,"₹ 23.5 Lac₹ 4,319/sq.ft."
Ram India Sampanna Homes,1 BHK Residential Apartment in Manjri,550 sq.ft. (51 sq.m.) Super built-up Area,"₹ 27 Lac₹ 4,909/sq.ft."
Sentosa Residency,1 BHK Residential Apartment in North Hadapsar,660 sq.ft. (61 sq.m.) Built-up Area,"₹ 41 Lac₹ 6,212/sq.ft."
,1 Bedroom Independent House in Manjari Budruk,500 sq.ft. (46 sq.m.) Plot Area,"₹ 35 Lac₹ 7,000/sq.ft."
Kanchan Junga Arcade,1 BHK Residential Apartment in Hadapsar Gaon,610 sq.ft. (57 sq.m.) Super built-up Area,"₹ 45 Lac₹ 7,378/sq.ft."
Ram India Sampanna Homes,1 BHK Residential Apartment in Manjri,680 sq.ft. (63 sq.m.) Super built-up Area,"₹ 35 Lac₹ 5,147/sq.ft."
Sai Vishwa b,2 BHK Residential Apartment in Manjari Budruk,863 sq.ft. (80 sq.m.) Super built-up Area,"₹ 30 Lac₹ 3,476/sq.ft."
Kumar Kubera Sankul Riddhi,2 BHK Residential Apartment in Hadapsar,700 sq.ft. (65 sq.m.) Super built-up Area,"₹ 60 Lac₹ 8,571/sq.ft."
Ram India Sampanna Homes,1 BHK Residential Apartment in Manjri,544 sq.ft. (51 sq.m.) Built-up Area,"₹ 24 Lac₹ 4,411/sq.ft."
Vrundavan Height,1 BHK Residential Apartment in Manjari Budruk,427 sq.ft. (40 sq.m.) Super built-up Area,"₹ 23 Lac₹ 5,386/sq.ft."
Leisure Town,1 BHK Residential Apartment in Hadapsar,460 sq.ft. (43 sq.m.) Carpet Area,₹ 42 Lac
Kalpataru Serenity,3 BHK Residential Apartment in Manjri,"1,056 sq.ft. (98 sq.m.) Carpet Area","₹ 54 Lac₹ 5,113/sq.ft."
Kalpataru Serenity,2 BHK Residential Apartment in Manjri,561 sq.ft. (52 sq.m.) Carpet Area,Price on Request
Sharda Sai Srushti,4 BHK Residential Apartment in Manjri,"1,350 sq.ft. (125 sq.m.) Super built-up Area","₹ 50 Lac₹ 3,703/sq.ft."
,7 Bedroom Independent House in Manjri,"1,008 sq.ft. (94 sq.m.) Plot Area","₹ 1.2 Cr₹ 11,904/sq.ft."
Thakkar Park,(1 RK) Studio Apartment in Hadapsar,425 sq.ft. (39 sq.m.) Built-up Area,"₹ 17.5 Lac₹ 4,117/sq.ft."
Magarpatta City Sylvania,2 BHK Residential Apartment in Magarpatta,"1,250 sq.ft. (116 sq.m.) Super built-up Area","₹ 1.07 Cr₹ 8,560/sq.ft."
,1 BHK Independent Builder Floor in Hadapsar,549 sq.ft. (51 sq.m.) Super built-up Area,"₹ 30 Lac₹ 5,464/sq.ft."
Laxmi Kamal Palace,1 BHK Residential Apartment in Hadapsar,530 sq.ft. (49 sq.m.) Super built-up Area,"₹ 18 Lac₹ 3,397/sq.ft."
Pawar Heights,1 BHK Residential Apartment in Hadapsar,500 sq.ft. (46 sq.m.) Super built-up Area,"₹ 31 Lac₹ 6,200/sq.ft."
Gurukrupa Heights,3 BHK Residential Apartment in Manjari Budruk,"1,250 sq.ft. (116 sq.m.) Super built-up Area","₹ 45 Lac₹ 3,600/sq.ft."
Ram India Sampanna Homes,2 BHK Residential Apartment in Manjri,"1,010 sq.ft. (94 sq.m.) Built-up Area","₹ 57 Lac₹ 5,644/sq.ft."
Shri Lakshmi Vihar,1 BHK Residential Apartment in Hadapsar,600 sq.ft. (56 sq.m.) Carpet Area,"₹ 27 Lac₹ 4,500/sq.ft."
Leisure Town,3 BHK Residential Apartment in Hadapsar,"1,345 sq.ft. (125 sq.m.) Super built-up Area","₹ 74.5 Lac₹ 5,540/sq.ft."
"Sai Villa, Phase 1",Residential Apartment in Manjari Budruk,346 sq.ft. (32 sq.m.) Carpet Area,"₹ 13 Lac₹ 3,757/sq.ft."
on request,2 BHK Residential Apartment in Hadapsar,915 sq.ft. (85 sq.m.) Super built-up Area,"₹ 72 Lac₹ 7,868/sq.ft."
Satyam Oak Vista,1 BHK Residential Apartment in Kale Padal,500 sq.ft. (46 sq.m.) Carpet Area,"₹ 36 Lac₹ 7,200/sq.ft."
apna ghar maple,1 BHK Residential Apartment in Hadapsar,500 sq.ft. (46 sq.m.) Carpet Area,"₹ 20 Lac₹ 4,000/sq.ft."
Magarpatta Grevillea,2 BHK Residential Apartment in Magarpatta,900 sq.ft. (84 sq.m.) Super built-up Area,"₹ 74 Lac₹ 8,222/sq.ft."
Dreams Nandini,2 BHK Residential Apartment in Hadapsar,980 sq.ft. (91 sq.m.) Super built-up Area,"₹ 56 Lac₹ 5,714/sq.ft."
Magarpatta Grevillea,2 BHK Residential Apartment in Magarpatta,900 sq.ft. (84 sq.m.) Super built-up Area,"₹ 75 Lac₹ 8,333/sq.ft."
Yash Ravi Park,2 BHK Residential Apartment in Hadapsar,"1,117 sq.ft. (104 sq.m.) Super built-up Area","₹ 53 Lac₹ 4,744/sq.ft."
siddharth shri park,1 BHK Residential Apartment in Satavwadi,592 sq.ft. (55 sq.m.) Built-up Area,"₹ 42.06 Lac₹ 7,104/sq.ft."
Magarpatta City Iris,2 BHK Residential Apartment in Magarpatta,930 sq.ft. (86 sq.m.) Super built-up Area,"₹ 75 Lac₹ 8,064/sq.ft."
Marian Town CHS,3 BHK Residential Apartment in Hadapsar,"1,800 sq.ft. (167 sq.m.) Super built-up Area","₹ 99 Lac₹ 5,500/sq.ft."
,5 Bedroom Independent House in Manjari Budruk,850 sq.ft. (79 sq.m.) Plot Area,"₹ 90 Lac₹ 10,588/sq.ft."
Katariya Apartments,1 BHK Residential Apartment in Sayyed Nagar,700 sq.ft. (65 sq.m.) Super built-up Area,"₹ 20 Lac₹ 2,858/sq.ft."
Ratan Neptune,1 BHK Residential Apartment in Hadapsar,434 sq.ft. (40 sq.m.) Carpet Area,"₹ 23.5 Lac₹ 5,411/sq.ft."
Simplicity Apartments,2 BHK Independent Builder Floor in Hadapsar,781 sq.ft. (73 sq.m.) Carpet Area,"₹ 38 Lac₹ 4,865/sq.ft."
Kwality Vrindavan Heights,2 BHK Residential Apartment in Hadapsar,846 sq.ft. (79 sq.m.) Super built-up Area,"₹ 75 Lac₹ 9,335/sq.ft."
St Patricks town,6 Bedroom Independent House in Hadapsar,"6,280 sq.ft. (583 sq.m.) Plot Area","₹ 4 Cr₹ 6,369/sq.ft."
On Request,1 BHK Residential Apartment in Manjari Budruk,625 sq.ft. (58 sq.m.) Carpet Area,"₹ 22 Lac₹ 3,520/sq.ft."
,Residential property in Manjari Budruk,555 sq.ft. (52 sq.m.) Plot Area,"₹ 22 Lac₹ 3,963/sq.ft."
Kubera Vihar Society,2 BHK Residential Apartment in Hadapsar,875 sq.ft. (81 sq.m.) Super built-up Area,"₹ 62 Lac₹ 7,085/sq.ft."
Samarth Chhaya,1 BHK Residential Apartment in Hadapsar,550 sq.ft. (51 sq.m.) Super built-up Area,"₹ 25 Lac₹ 4,545/sq.ft."
Nisarga classic society,1 BHK Serviced Apartment in Kale Padal,540 sq.ft. (50 sq.m.) Carpet Area,"₹ 29 Lac₹ 5,370/sq.ft."
Arihant Venkateshwara Green City,2 BHK Residential Apartment in Hadapsar,890 sq.ft. (83 sq.m.) Super built-up Area,"₹ 55 Lac₹ 6,179/sq.ft."
Ganga Village,1 BHK Residential Apartment in Hadapsar,610 sq.ft. (57 sq.m.) Super built-up Area,"₹ 25 Lac₹ 4,098/sq.ft."
Mantra Fifth Avenue,2 BHK Residential Apartment in Hadapsar,680 sq.ft. (63 sq.m.) Carpet Area,"₹ 36.5 Lac₹ 5,367/sq.ft."
Arihant Venkateshwara Green City,1 BHK Residential Apartment in Hadapsar,650 sq.ft. (60 sq.m.) Super built-up Area,"₹ 28.5 Lac₹ 4,384/sq.ft."
Kumar Pebble Park,2 BHK Residential Apartment in Hadapsar,980 sq.ft. (91 sq.m.) Super built-up Area,"₹ 43 Lac₹ 4,387/sq.ft."
Freesia,2 BHK Residential Apartment in Manjri,991 sq.ft. (92 sq.m.) Super built-up Area,"₹ 38 Lac₹ 3,834/sq.ft."
Samrat Swastik,1 BHK Residential Apartment in Hadapsar,650 sq.ft. (60 sq.m.) Built-up Area,"₹ 42 Lac₹ 6,461/sq.ft."
Gurukrupa  apartment,1 BHK Residential Apartment in Hadapsar,"1,195 sq.ft. (111 sq.m.) Super built-up Area","₹ 48 Lac₹ 4,016/sq.ft."
Naik Gardenia Residency,2 BHK Residential Apartment in Hadapsar,"1,040 sq.ft. (97 sq.m.) Carpet Area","₹ 58 Lac₹ 5,576/sq.ft."
Magarpatta Annex,2 BHK Residential Apartment in Magarpatta,980 sq.ft. (91 sq.m.) Super built-up Area,"₹ 82 Lac₹ 8,367/sq.ft."
New Front 48 East Park,1 BHK Residential Apartment in Kale Padal,583 sq.ft. (54 sq.m.) Built-up Area,"₹ 29.15 Lac₹ 6,098/sq.ft."
,4 Bedroom Independent House in Hadapsar,580 sq.ft. (54 sq.m.) Plot Area,"₹ 45 Lac₹ 7,759/sq.ft."
Skywards Nirvana,1 BHK Residential Apartment in Hadapsar,412 sq.ft. (38 sq.m.) Carpet Area,"₹ 52 Lac₹ 12,621/sq.ft."
,5 BHK Independent Builder Floor in Hadapsar,"4,350 sq.ft. (404 sq.m.) Super built-up Area","₹ 2.1 Cr₹ 4,827/sq.ft."
Chourang Smit Shilp Housing Society,2 BHK Residential Apartment in Manjari Budruk,725 sq.ft. (67 sq.m.) Built-up Area,"₹ 45 Lac₹ 6,206/sq.ft."
Rahul East view,2 BHK Residential Apartment in Hadapsar,"1,200 sq.ft. (111 sq.m.) Super built-up Area","₹ 1 Cr₹ 8,333/sq.ft."
Dreams Aakruti,2 BHK Residential Apartment in Hadapsar,"1,060 sq.ft. (98 sq.m.) Super built-up Area","₹ 45 Lac₹ 4,245/sq.ft."
Shree Dhanlaxmi Krupa,2 BHK Residential Apartment in Hadapsar Gaon,900 sq.ft. (84 sq.m.) Super built-up Area,"₹ 41 Lac₹ 4,945/sq.ft."
Ambience Residency,3 BHK Residential Apartment in Hadapsar,975 sq.ft. (91 sq.m.) Carpet Area,"₹ 60 Lac₹ 6,500/sq.ft."
Magarpatta Annex,2 BHK Residential Apartment in Magarpatta,980 sq.ft. (91 sq.m.) Super built-up Area,"₹ 83 Lac₹ 8,469/sq.ft."
Sunrise CHS,1 BHK Residential Apartment in Hadapsar,615 sq.ft. (57 sq.m.) Super built-up Area,"₹ 30 Lac₹ 4,878/sq.ft."
Marvel Azure,2 BHK Residential Apartment in Magarpatta,"1,347 sq.ft. (125 sq.m.) Super built-up Area","₹ 1 Cr₹ 7,423/sq.ft."
Shivai Garden,1 BHK Residential Apartment in Hadapsar,650 sq.ft. (60 sq.m.) Super built-up Area,"₹ 27 Lac₹ 4,153/sq.ft."
Tucker AWHO Enclave,2 BHK Residential Apartment in Hadapsar,884 sq.ft. (82 sq.m.) Built-up Area,"₹ 61 Lac₹ 6,900/sq.ft."
Mantri Township,(1 RK) Studio Apartment in Hadapsar,350 sq.ft. (33 sq.m.) Built-up Area,"₹ 15 Lac₹ 4,285/sq.ft."
Venkatesh Sankul,2 BHK Independent Builder Floor in Manjari Budruk,890 sq.ft. (83 sq.m.) Super built-up Area,"₹ 35 Lac₹ 4,157/sq.ft."
Matoshri Apartment,1 BHK Residential Apartment in Shiv Malhar Colony,500 sq.ft. (46 sq.m.) Super built-up Area,"₹ 22 Lac₹ 4,400/sq.ft."
Bhosale Tupe Siddhi Vihar,1 BHK Residential Apartment in Hadapsar,572 sq.ft. (53 sq.m.) Built-up Area,"₹ 32 Lac₹ 5,594/sq.ft."
Soham Apartment,1 BHK Residential Apartment in Hadapsar,608 sq.ft. (56 sq.m.) Super built-up Area,"₹ 29 Lac₹ 4,606/sq.ft."
Vista Luxuria,1 BHK Residential Apartment in Manjari Budruk,650 sq.ft. (60 sq.m.) Built-up Area,"₹ 40 Lac₹ 6,369/sq.ft."
Dreams Elegance,2 BHK Residential Apartment in Hadapsar,725 sq.ft. (67 sq.m.) Carpet Area,"₹ 35 Lac₹ 4,827/sq.ft."
Omkar Colony,3 BHK Independent Builder Floor in Kale Padal,700 sq.ft. (65 sq.m.) Super built-up Area,"₹ 1 Cr₹ 14,285/sq.ft."
Magarpatta Annex,2 BHK Residential Apartment in Magarpatta,900 sq.ft. (84 sq.m.) Super built-up Area,"₹ 82 Lac₹ 8,444/sq.ft."
Manjri Green Woods,2 BHK Residential Apartment in Manjri,823 sq.ft. (76 sq.m.) Super built-up Area,"₹ 46 Lac₹ 5,589/sq.ft."
Mayur Geminus,1 BHK Residential Apartment in Hadapsar,494 sq.ft. (46 sq.m.) Super built-up Area,"₹ 30 Lac₹ 6,072/sq.ft."
More Heights,3 BHK Residential Apartment in Shewalewadi,"1,065 sq.ft. (99 sq.m.) Super built-up Area","₹ 52 Lac₹ 4,882/sq.ft."
Dreams Solace,2 BHK Residential Apartment in Satar Nagar,680 sq.ft. (63 sq.m.) Super built-up Area,"₹ 38 Lac₹ 5,588/sq.ft."
Magarpatta City Zinnia,1 BHK Residential Apartment in Magarpatta,550 sq.ft. (51 sq.m.) Super built-up Area,"₹ 47 Lac₹ 8,545/sq.ft."
DSK Sundarban Phase 1,2 BHK Residential Apartment in Hadapsar,980 sq.ft. (91 sq.m.) Super built-up Area,"₹ 60 Lac₹ 6,122/sq.ft."
